DATAFLOW,LAST UPDATE,freq,nrg_prc,nrg_cons,currency,geo,TIME_PERIOD,OBS_VALUE,OBS_FLAG,CONF_STATUS
ESTAT:NRG_PC_205_C(1.0),22/10/25 23:00:00,Annual,Network costs,Consumption from 20 MWh to 499 MWh - band IB,Euro,Austria,2017,0.0439,,
ESTAT:NRG_PC_205_C(1.0),22/10/25 23:00:00,Annual,Network costs,Consumption from 20 MWh to 499 MWh - band IB,Euro,Austria,2018,0.0454,,
ESTAT:NRG_PC_205_C(1.0),22/10/25 23:00:00,Annual,Network costs,Consumption from 20 MWh to 499 MWh - band IB,Euro,Austria,2019,0.0459,,
ESTAT:NRG_PC_205_C(1.0),22/10/25 23:00:00,Annual,Network costs,Consumption from 20 MWh to 499 MWh - band IB,Euro,Austria,2022,0.0506,,
ESTAT:NRG_PC_205_C(1.0),22/10/25 23:00:00,Annual,Network costs,Consumption from 20 MWh to 499 MWh - band IB,Euro,Austria,2023,0.0589,,
ESTAT:NRG_PC_205_C(1.0),22/10/25 23:00:00,Annual,Network costs,Consumption from 20 MWh to 499 MWh - band IB,Euro,Austria,2024,0.0623,,
ESTAT:NRG_PC_205_C(1.0),22/10/25 23:00:00,Annual,Network costs,Consumption from 20 MWh to 499 MWh - band IB,Euro,Belgium,2017,0.0561,,
ESTAT:NRG_PC_205_C(1.0),22/10/25 23:00:00,Annual,Network costs,Consumption from 20 MWh to 499 MWh - band IB,Euro,Belgium,2018,0.0588,,
ESTAT:NRG_PC_205_C(1.0),22/10/25 23:00:00,Annual,Network costs,Consumption from 20 MWh to 499 MWh - band IB,Euro,Belgium,2019,0.0623,,
ESTAT:NRG_PC_205_C(1.0),22/10/25 23:00:00,Annual,Network costs,Consumption from 20 MWh to 499 MWh - band IB,Euro,Belgium,2022,0.0530,,
ESTAT:NRG_PC_205_C(1.0),22/10/25 23:00:00,Annual,Network costs,Consumption from 20 MWh to 499 MWh - band IB,Euro,Belgium,2023,0.0492,,
ESTAT:NRG_PC_205_C(1.0),22/10/25 23:00:00,Annual,Network costs,Consumption from 20 MWh to 499 MWh - band IB,Euro,Belgium,2024,0.0520,,
ESTAT:NRG_PC_205_C(1.0),22/10/25 23:00:00,Annual,Network costs,Consumption from 20 MWh to 499 MWh - band IB,Euro,Germany,2017,0.0557,,
ESTAT:NRG_PC_205_C(1.0),22/10/25 23:00:00,Annual,Network costs,Consumption from 20 MWh to 499 MWh - band IB,Euro,Germany,2018,0.0541,,
ESTAT:NRG_PC_205_C(1.0),22/10/25 23:00:00,Annual,Network costs,Consumption from 20 MWh to 499 MWh - band IB,Euro,Germany,2019,0.0524,,
ESTAT:NRG_PC_205_C(1.0),22/10/25 23:00:00,Annual,Network costs,Consumption from 20 MWh to 499 MWh - band IB,Euro,Germany,2022,0.0577,,
ESTAT:NRG_PC_205_C(1.0),22/10/25 23:00:00,Annual,Network costs,Consumption from 20 MWh to 499 MWh - band IB,Euro,Germany,2023,0.0679,,
ESTAT:NRG_PC_205_C(1.0),22/10/25 23:00:00,Annual,Network costs,Consumption from 20 MWh to 499 MWh - band IB,Euro,Germany,2024,0.0867,,
ESTAT:NRG_PC_205_C(1.0),22/10/25 23:00:00,Annual,Network costs,Consumption from 20 MWh to 499 MWh - band IB,Euro,Denmark,2017,0.0410,,
ESTAT:NRG_PC_205_C(1.0),22/10/25 23:00:00,Annual,Network costs,Consumption from 20 MWh to 499 MWh - band IB,Euro,Denmark,2018,0.0404,,
ESTAT:NRG_PC_205_C(1.0),22/10/25 23:00:00,Annual,Network costs,Consumption from 20 MWh to 499 MWh - band IB,Euro,Denmark,2019,0.0400,,
ESTAT:NRG_PC_205_C(1.0),22/10/25 23:00:00,Annual,Network costs,Consumption from 20 MWh to 499 MWh - band IB,Euro,Denmark,2022,0.0372,,
ESTAT:NRG_PC_205_C(1.0),22/10/25 23:00:00,Annual,Network costs,Consumption from 20 MWh to 499 MWh - band IB,Euro,Denmark,2023,0.0376,,
ESTAT:NRG_PC_205_C(1.0),22/10/25 23:00:00,Annual,Network costs,Consumption from 20 MWh to 499 MWh - band IB,Euro,Denmark,2024,0.0450,,
ESTAT:NRG_PC_205_C(1.0),22/10/25 23:00:00,Annual,Network costs,Consumption from 20 MWh to 499 MWh - band IB,Euro,Spain,2017,0.0293,d,
ESTAT:NRG_PC_205_C(1.0),22/10/25 23:00:00,Annual,Network costs,Consumption from 20 MWh to 499 MWh - band IB,Euro,Spain,2018,0.0261,d,
ESTAT:NRG_PC_205_C(1.0),22/10/25 23:00:00,Annual,Network costs,Consumption from 20 MWh to 499 MWh - band IB,Euro,Spain,2019,0.0365,,
ESTAT:NRG_PC_205_C(1.0),22/10/25 23:00:00,Annual,Network costs,Consumption from 20 MWh to 499 MWh - band IB,Euro,Spain,2022,0.0524,,
ESTAT:NRG_PC_205_C(1.0),22/10/25 23:00:00,Annual,Network costs,Consumption from 20 MWh to 499 MWh - band IB,Euro,Spain,2023,0.0621,,
ESTAT:NRG_PC_205_C(1.0),22/10/25 23:00:00,Annual,Network costs,Consumption from 20 MWh to 499 MWh - band IB,Euro,Spain,2024,0.0514,,
ESTAT:NRG_PC_205_C(1.0),22/10/25 23:00:00,Annual,Network costs,Consumption from 20 MWh to 499 MWh - band IB,Euro,Finland,2017,0.0351,,
ESTAT:NRG_PC_205_C(1.0),22/10/25 23:00:00,Annual,Network costs,Consumption from 20 MWh to 499 MWh - band IB,Euro,Finland,2018,0.0358,,
ESTAT:NRG_PC_205_C(1.0),22/10/25 23:00:00,Annual,Network costs,Consumption from 20 MWh to 499 MWh - band IB,Euro,Finland,2019,0.0365,,
ESTAT:NRG_PC_205_C(1.0),22/10/25 23:00:00,Annual,Network costs,Consumption from 20 MWh to 499 MWh - band IB,Euro,Finland,2022,0.0370,,
ESTAT:NRG_PC_205_C(1.0),22/10/25 23:00:00,Annual,Network costs,Consumption from 20 MWh to 499 MWh - band IB,Euro,Finland,2023,0.0382,,
ESTAT:NRG_PC_205_C(1.0),22/10/25 23:00:00,Annual,Network costs,Consumption from 20 MWh to 499 MWh - band IB,Euro,Finland,2024,0.0386,d,
ESTAT:NRG_PC_205_C(1.0),22/10/25 23:00:00,Annual,Network costs,Consumption from 20 MWh to 499 MWh - band IB,Euro,France,2017,0.0375,,
ESTAT:NRG_PC_205_C(1.0),22/10/25 23:00:00,Annual,Network costs,Consumption from 20 MWh to 499 MWh - band IB,Euro,France,2018,0.0404,,
ESTAT:NRG_PC_205_C(1.0),22/10/25 23:00:00,Annual,Network costs,Consumption from 20 MWh to 499 MWh - band IB,Euro,France,2019,0.0421,,
ESTAT:NRG_PC_205_C(1.0),22/10/25 23:00:00,Annual,Network costs,Consumption from 20 MWh to 499 MWh - band IB,Euro,France,2022,0.0431,,
ESTAT:NRG_PC_205_C(1.0),22/10/25 23:00:00,Annual,Network costs,Consumption from 20 MWh to 499 MWh - band IB,Euro,France,2023,0.0457,,
ESTAT:NRG_PC_205_C(1.0),22/10/25 23:00:00,Annual,Network costs,Consumption from 20 MWh to 499 MWh - band IB,Euro,France,2024,0.0492,,
ESTAT:NRG_PC_205_C(1.0),22/10/25 23:00:00,Annual,Network costs,Consumption from 20 MWh to 499 MWh - band IB,Euro,Ireland,2017,0.0598,,
ESTAT:NRG_PC_205_C(1.0),22/10/25 23:00:00,Annual,Network costs,Consumption from 20 MWh to 499 MWh - band IB,Euro,Ireland,2018,0.0648,,
ESTAT:NRG_PC_205_C(1.0),22/10/25 23:00:00,Annual,Network costs,Consumption from 20 MWh to 499 MWh - band IB,Euro,Ireland,2019,0.0631,,
ESTAT:NRG_PC_205_C(1.0),22/10/25 23:00:00,Annual,Network costs,Consumption from 20 MWh to 499 MWh - band IB,Euro,Ireland,2022,0.0678,,
ESTAT:NRG_PC_205_C(1.0),22/10/25 23:00:00,Annual,Network costs,Consumption from 20 MWh to 499 MWh - band IB,Euro,Ireland,2023,0.0667,,
ESTAT:NRG_PC_205_C(1.0),22/10/25 23:00:00,Annual,Network costs,Consumption from 20 MWh to 499 MWh - band IB,Euro,Ireland,2024,0.0748,,
ESTAT:NRG_PC_205_C(1.0),22/10/25 23:00:00,Annual,Network costs,Consumption from 20 MWh to 499 MWh - band IB,Euro,Italy,2017,0.0217,d,
ESTAT:NRG_PC_205_C(1.0),22/10/25 23:00:00,Annual,Network costs,Consumption from 20 MWh to 499 MWh - band IB,Euro,Italy,2018,0.0219,d,
ESTAT:NRG_PC_205_C(1.0),22/10/25 23:00:00,Annual,Network costs,Consumption from 20 MWh to 499 MWh - band IB,Euro,Italy,2019,0.0280,,
ESTAT:NRG_PC_205_C(1.0),22/10/25 23:00:00,Annual,Network costs,Consumption from 20 MWh to 499 MWh - band IB,Euro,Italy,2022,0.0405,,
ESTAT:NRG_PC_205_C(1.0),22/10/25 23:00:00,Annual,Network costs,Consumption from 20 MWh to 499 MWh - band IB,Euro,Italy,2023,0.0366,,
ESTAT:NRG_PC_205_C(1.0),22/10/25 23:00:00,Annual,Network costs,Consumption from 20 MWh to 499 MWh - band IB,Euro,Italy,2024,0.0353,,
ESTAT:NRG_PC_205_C(1.0),22/10/25 23:00:00,Annual,Network costs,Consumption from 20 MWh to 499 MWh - band IB,Euro,Netherlands,2017,0.0390,,
ESTAT:NRG_PC_205_C(1.0),22/10/25 23:00:00,Annual,Network costs,Consumption from 20 MWh to 499 MWh - band IB,Euro,Netherlands,2018,0.0390,,
ESTAT:NRG_PC_205_C(1.0),22/10/25 23:00:00,Annual,Network costs,Consumption from 20 MWh to 499 MWh - band IB,Euro,Netherlands,2019,0.0410,,
ESTAT:NRG_PC_205_C(1.0),22/10/25 23:00:00,Annual,Network costs,Consumption from 20 MWh to 499 MWh - band IB,Euro,Netherlands,2022,0.0470,,
ESTAT:NRG_PC_205_C(1.0),22/10/25 23:00:00,Annual,Network costs,Consumption from 20 MWh to 499 MWh - band IB,Euro,Netherlands,2023,0.0635,,
ESTAT:NRG_PC_205_C(1.0),22/10/25 23:00:00,Annual,Network costs,Consumption from 20 MWh to 499 MWh - band IB,Euro,Netherlands,2024,0.0814,,
ESTAT:NRG_PC_205_C(1.0),22/10/25 23:00:00,Annual,Network costs,Consumption from 20 MWh to 499 MWh - band IB,Euro,Norway,2017,0.0281,,
ESTAT:NRG_PC_205_C(1.0),22/10/25 23:00:00,Annual,Network costs,Consumption from 20 MWh to 499 MWh - band IB,Euro,Norway,2018,0.0278,,
ESTAT:NRG_PC_205_C(1.0),22/10/25 23:00:00,Annual,Network costs,Consumption from 20 MWh to 499 MWh - band IB,Euro,Norway,2019,0.0268,,
ESTAT:NRG_PC_205_C(1.0),22/10/25 23:00:00,Annual,Network costs,Consumption from 20 MWh to 499 MWh - band IB,Euro,Norway,2022,0.0261,,
ESTAT:NRG_PC_205_C(1.0),22/10/25 23:00:00,Annual,Network costs,Consumption from 20 MWh to 499 MWh - band IB,Euro,Norway,2023,0.0232,,
ESTAT:NRG_PC_205_C(1.0),22/10/25 23:00:00,Annual,Network costs,Consumption from 20 MWh to 499 MWh - band IB,Euro,Norway,2024,0.0227,,
ESTAT:NRG_PC_205_C(1.0),22/10/25 23:00:00,Annual,Network costs,Consumption from 20 MWh to 499 MWh - band IB,Euro,Poland,2017,0.0456,,
ESTAT:NRG_PC_205_C(1.0),22/10/25 23:00:00,Annual,Network costs,Consumption from 20 MWh to 499 MWh - band IB,Euro,Poland,2018,0.0435,,
ESTAT:NRG_PC_205_C(1.0),22/10/25 23:00:00,Annual,Network costs,Consumption from 20 MWh to 499 MWh - band IB,Euro,Poland,2019,0.0444,,
ESTAT:NRG_PC_205_C(1.0),22/10/25 23:00:00,Annual,Network costs,Consumption from 20 MWh to 499 MWh - band IB,Euro,Poland,2022,0.0449,,
ESTAT:NRG_PC_205_C(1.0),22/10/25 23:00:00,Annual,Network costs,Consumption from 20 MWh to 499 MWh - band IB,Euro,Poland,2023,0.0739,,
ESTAT:NRG_PC_205_C(1.0),22/10/25 23:00:00,Annual,Network costs,Consumption from 20 MWh to 499 MWh - band IB,Euro,Poland,2024,0.0809,,
ESTAT:NRG_PC_205_C(1.0),22/10/25 23:00:00,Annual,Network costs,Consumption from 20 MWh to 499 MWh - band IB,Euro,Sweden,2017,0.0411,,
ESTAT:NRG_PC_205_C(1.0),22/10/25 23:00:00,Annual,Network costs,Consumption from 20 MWh to 499 MWh - band IB,Euro,Sweden,2018,0.0380,,
ESTAT:NRG_PC_205_C(1.0),22/10/25 23:00:00,Annual,Network costs,Consumption from 20 MWh to 499 MWh - band IB,Euro,Sweden,2019,0.0381,,
ESTAT:NRG_PC_205_C(1.0),22/10/25 23:00:00,Annual,Network costs,Consumption from 20 MWh to 499 MWh - band IB,Euro,Sweden,2022,0.0419,,
ESTAT:NRG_PC_205_C(1.0),22/10/25 23:00:00,Annual,Network costs,Consumption from 20 MWh to 499 MWh - band IB,Euro,Sweden,2023,0.0390,,
ESTAT:NRG_PC_205_C(1.0),22/10/25 23:00:00,Annual,Network costs,Consumption from 20 MWh to 499 MWh - band IB,Euro,Sweden,2024,0.0461,,
ESTAT:NRG_PC_205_C(1.0),22/10/25 23:00:00,Annual,Network costs,Consumption from 20 MWh to 499 MWh - band IB,Euro,United Kingdom,2017,0.0339,,
ESTAT:NRG_PC_205_C(1.0),22/10/25 23:00:00,Annual,Network costs,Consumption from 20 MWh to 499 MWh - band IB,Euro,United Kingdom,2018,0.0315,,
ESTAT:NRG_PC_205_C(1.0),22/10/25 23:00:00,Annual,Network costs,Consumption from 20 MWh to 499 MWh - band IB,Euro,United Kingdom,2019,0.0416,,
ESTAT:NRG_PC_205_C(1.0),22/10/25 23:00:00,Annual,Energy and supply,Consumption from 20 MWh to 499 MWh - band IB,Euro,Austria,2017,0.0461,,
ESTAT:NRG_PC_205_C(1.0),22/10/25 23:00:00,Annual,Energy and supply,Consumption from 20 MWh to 499 MWh - band IB,Euro,Austria,2018,0.0469,,
ESTAT:NRG_PC_205_C(1.0),22/10/25 23:00:00,Annual,Energy and supply,Consumption from 20 MWh to 499 MWh - band IB,Euro,Austria,2019,0.0530,,
ESTAT:NRG_PC_205_C(1.0),22/10/25 23:00:00,Annual,Energy and supply,Consumption from 20 MWh to 499 MWh - band IB,Euro,Austria,2022,0.1115,,
ESTAT:NRG_PC_205_C(1.0),22/10/25 23:00:00,Annual,Energy and supply,Consumption from 20 MWh to 499 MWh - band IB,Euro,Austria,2023,0.2050,,
ESTAT:NRG_PC_205_C(1.0),22/10/25 23:00:00,Annual,Energy and supply,Consumption from 20 MWh to 499 MWh - band IB,Euro,Austria,2024,0.1657,,
ESTAT:NRG_PC_205_C(1.0),22/10/25 23:00:00,Annual,Energy and supply,Consumption from 20 MWh to 499 MWh - band IB,Euro,Belgium,2017,0.0541,,
ESTAT:NRG_PC_205_C(1.0),22/10/25 23:00:00,Annual,Energy and supply,Consumption from 20 MWh to 499 MWh - band IB,Euro,Belgium,2018,0.0490,,
ESTAT:NRG_PC_205_C(1.0),22/10/25 23:00:00,Annual,Energy and supply,Consumption from 20 MWh to 499 MWh - band IB,Euro,Belgium,2019,0.0543,,
ESTAT:NRG_PC_205_C(1.0),22/10/25 23:00:00,Annual,Energy and supply,Consumption from 20 MWh to 499 MWh - band IB,Euro,Belgium,2022,0.1682,,
ESTAT:NRG_PC_205_C(1.0),22/10/25 23:00:00,Annual,Energy and supply,Consumption from 20 MWh to 499 MWh - band IB,Euro,Belgium,2023,0.1573,,
ESTAT:NRG_PC_205_C(1.0),22/10/25 23:00:00,Annual,Energy and supply,Consumption from 20 MWh to 499 MWh - band IB,Euro,Belgium,2024,0.1148,,
ESTAT:NRG_PC_205_C(1.0),22/10/25 23:00:00,Annual,Energy and supply,Consumption from 20 MWh to 499 MWh - band IB,Euro,Germany,2017,0.0420,,
ESTAT:NRG_PC_205_C(1.0),22/10/25 23:00:00,Annual,Energy and supply,Consumption from 20 MWh to 499 MWh - band IB,Euro,Germany,2018,0.0424,,
ESTAT:NRG_PC_205_C(1.0),22/10/25 23:00:00,Annual,Energy and supply,Consumption from 20 MWh to 499 MWh - band IB,Euro,Germany,2019,0.0347,,
ESTAT:NRG_PC_205_C(1.0),22/10/25 23:00:00,Annual,Energy and supply,Consumption from 20 MWh to 499 MWh - band IB,Euro,Germany,2022,0.1146,,
ESTAT:NRG_PC_205_C(1.0),22/10/25 23:00:00,Annual,Energy and supply,Consumption from 20 MWh to 499 MWh - band IB,Euro,Germany,2023,0.1446,,
ESTAT:NRG_PC_205_C(1.0),22/10/25 23:00:00,Annual,Energy and supply,Consumption from 20 MWh to 499 MWh - band IB,Euro,Germany,2024,0.1440,,
ESTAT:NRG_PC_205_C(1.0),22/10/25 23:00:00,Annual,Energy and supply,Consumption from 20 MWh to 499 MWh - band IB,Euro,Denmark,2017,0.0373,,
ESTAT:NRG_PC_205_C(1.0),22/10/25 23:00:00,Annual,Energy and supply,Consumption from 20 MWh to 499 MWh - band IB,Euro,Denmark,2018,0.0438,,
ESTAT:NRG_PC_205_C(1.0),22/10/25 23:00:00,Annual,Energy and supply,Consumption from 20 MWh to 499 MWh - band IB,Euro,Denmark,2019,0.0443,,
ESTAT:NRG_PC_205_C(1.0),22/10/25 23:00:00,Annual,Energy and supply,Consumption from 20 MWh to 499 MWh - band IB,Euro,Denmark,2022,0.1947,,
ESTAT:NRG_PC_205_C(1.0),22/10/25 23:00:00,Annual,Energy and supply,Consumption from 20 MWh to 499 MWh - band IB,Euro,Denmark,2023,0.1162,,
ESTAT:NRG_PC_205_C(1.0),22/10/25 23:00:00,Annual,Energy and supply,Consumption from 20 MWh to 499 MWh - band IB,Euro,Denmark,2024,0.0884,,
ESTAT:NRG_PC_205_C(1.0),22/10/25 23:00:00,Annual,Energy and supply,Consumption from 20 MWh to 499 MWh - band IB,Euro,Spain,2017,0.1025,d,
ESTAT:NRG_PC_205_C(1.0),22/10/25 23:00:00,Annual,Energy and supply,Consumption from 20 MWh to 499 MWh - band IB,Euro,Spain,2018,0.1090,d,
ESTAT:NRG_PC_205_C(1.0),22/10/25 23:00:00,Annual,Energy and supply,Consumption from 20 MWh to 499 MWh - band IB,Euro,Spain,2019,0.0659,,
ESTAT:NRG_PC_205_C(1.0),22/10/25 23:00:00,Annual,Energy and supply,Consumption from 20 MWh to 499 MWh - band IB,Euro,Spain,2022,0.1400,,
ESTAT:NRG_PC_205_C(1.0),22/10/25 23:00:00,Annual,Energy and supply,Consumption from 20 MWh to 499 MWh - band IB,Euro,Spain,2023,0.1306,,
ESTAT:NRG_PC_205_C(1.0),22/10/25 23:00:00,Annual,Energy and supply,Consumption from 20 MWh to 499 MWh - band IB,Euro,Spain,2024,0.1020,,
ESTAT:NRG_PC_205_C(1.0),22/10/25 23:00:00,Annual,Energy and supply,Consumption from 20 MWh to 499 MWh - band IB,Euro,Finland,2017,0.0411,,
ESTAT:NRG_PC_205_C(1.0),22/10/25 23:00:00,Annual,Energy and supply,Consumption from 20 MWh to 499 MWh - band IB,Euro,Finland,2018,0.0422,,
ESTAT:NRG_PC_205_C(1.0),22/10/25 23:00:00,Annual,Energy and supply,Consumption from 20 MWh to 499 MWh - band IB,Euro,Finland,2019,0.0444,,
ESTAT:NRG_PC_205_C(1.0),22/10/25 23:00:00,Annual,Energy and supply,Consumption from 20 MWh to 499 MWh - band IB,Euro,Finland,2022,0.0774,,
ESTAT:NRG_PC_205_C(1.0),22/10/25 23:00:00,Annual,Energy and supply,Consumption from 20 MWh to 499 MWh - band IB,Euro,Finland,2023,0.0830,,
ESTAT:NRG_PC_205_C(1.0),22/10/25 23:00:00,Annual,Energy and supply,Consumption from 20 MWh to 499 MWh - band IB,Euro,Finland,2024,0.0698,,
ESTAT:NRG_PC_205_C(1.0),22/10/25 23:00:00,Annual,Energy and supply,Consumption from 20 MWh to 499 MWh - band IB,Euro,France,2017,0.0528,,
ESTAT:NRG_PC_205_C(1.0),22/10/25 23:00:00,Annual,Energy and supply,Consumption from 20 MWh to 499 MWh - band IB,Euro,France,2018,0.0529,,
ESTAT:NRG_PC_205_C(1.0),22/10/25 23:00:00,Annual,Energy and supply,Consumption from 20 MWh to 499 MWh - band IB,Euro,France,2019,0.0573,,
ESTAT:NRG_PC_205_C(1.0),22/10/25 23:00:00,Annual,Energy and supply,Consumption from 20 MWh to 499 MWh - band IB,Euro,France,2022,0.0979,,
ESTAT:NRG_PC_205_C(1.0),22/10/25 23:00:00,Annual,Energy and supply,Consumption from 20 MWh to 499 MWh - band IB,Euro,France,2023,0.2109,,
ESTAT:NRG_PC_205_C(1.0),22/10/25 23:00:00,Annual,Energy and supply,Consumption from 20 MWh to 499 MWh - band IB,Euro,France,2024,0.1562,,
ESTAT:NRG_PC_205_C(1.0),22/10/25 23:00:00,Annual,Energy and supply,Consumption from 20 MWh to 499 MWh - band IB,Euro,Ireland,2017,0.0752,,
ESTAT:NRG_PC_205_C(1.0),22/10/25 23:00:00,Annual,Energy and supply,Consumption from 20 MWh to 499 MWh - band IB,Euro,Ireland,2018,0.0803,,
ESTAT:NRG_PC_205_C(1.0),22/10/25 23:00:00,Annual,Energy and supply,Consumption from 20 MWh to 499 MWh - band IB,Euro,Ireland,2019,0.0920,,
ESTAT:NRG_PC_205_C(1.0),22/10/25 23:00:00,Annual,Energy and supply,Consumption from 20 MWh to 499 MWh - band IB,Euro,Ireland,2022,0.2062,,
ESTAT:NRG_PC_205_C(1.0),22/10/25 23:00:00,Annual,Energy and supply,Consumption from 20 MWh to 499 MWh - band IB,Euro,Ireland,2023,0.2723,,
ESTAT:NRG_PC_205_C(1.0),22/10/25 23:00:00,Annual,Energy and supply,Consumption from 20 MWh to 499 MWh - band IB,Euro,Ireland,2024,0.2309,,
ESTAT:NRG_PC_205_C(1.0),22/10/25 23:00:00,Annual,Energy and supply,Consumption from 20 MWh to 499 MWh - band IB,Euro,Italy,2017,0.0750,d,
ESTAT:NRG_PC_205_C(1.0),22/10/25 23:00:00,Annual,Energy and supply,Consumption from 20 MWh to 499 MWh - band IB,Euro,Italy,2018,0.0816,d,
ESTAT:NRG_PC_205_C(1.0),22/10/25 23:00:00,Annual,Energy and supply,Consumption from 20 MWh to 499 MWh - band IB,Euro,Italy,2019,0.0810,,
ESTAT:NRG_PC_205_C(1.0),22/10/25 23:00:00,Annual,Energy and supply,Consumption from 20 MWh to 499 MWh - band IB,Euro,Italy,2022,0.2459,,
ESTAT:NRG_PC_205_C(1.0),22/10/25 23:00:00,Annual,Energy and supply,Consumption from 20 MWh to 499 MWh - band IB,Euro,Italy,2023,0.1805,,
ESTAT:NRG_PC_205_C(1.0),22/10/25 23:00:00,Annual,Energy and supply,Consumption from 20 MWh to 499 MWh - band IB,Euro,Italy,2024,0.1430,,
ESTAT:NRG_PC_205_C(1.0),22/10/25 23:00:00,Annual,Energy and supply,Consumption from 20 MWh to 499 MWh - band IB,Euro,Netherlands,2017,0.0490,,
ESTAT:NRG_PC_205_C(1.0),22/10/25 23:00:00,Annual,Energy and supply,Consumption from 20 MWh to 499 MWh - band IB,Euro,Netherlands,2018,0.0500,,
ESTAT:NRG_PC_205_C(1.0),22/10/25 23:00:00,Annual,Energy and supply,Consumption from 20 MWh to 499 MWh - band IB,Euro,Netherlands,2019,0.0540,,
ESTAT:NRG_PC_205_C(1.0),22/10/25 23:00:00,Annual,Energy and supply,Consumption from 20 MWh to 499 MWh - band IB,Euro,Netherlands,2022,0.1273,,
ESTAT:NRG_PC_205_C(1.0),22/10/25 23:00:00,Annual,Energy and supply,Consumption from 20 MWh to 499 MWh - band IB,Euro,Netherlands,2023,0.1619,,
ESTAT:NRG_PC_205_C(1.0),22/10/25 23:00:00,Annual,Energy and supply,Consumption from 20 MWh to 499 MWh - band IB,Euro,Netherlands,2024,0.1315,,
ESTAT:NRG_PC_205_C(1.0),22/10/25 23:00:00,Annual,Energy and supply,Consumption from 20 MWh to 499 MWh - band IB,Euro,Norway,2017,0.0324,,
ESTAT:NRG_PC_205_C(1.0),22/10/25 23:00:00,Annual,Energy and supply,Consumption from 20 MWh to 499 MWh - band IB,Euro,Norway,2018,0.0452,,
ESTAT:NRG_PC_205_C(1.0),22/10/25 23:00:00,Annual,Energy and supply,Consumption from 20 MWh to 499 MWh - band IB,Euro,Norway,2019,0.0434,,
ESTAT:NRG_PC_205_C(1.0),22/10/25 23:00:00,Annual,Energy and supply,Consumption from 20 MWh to 499 MWh - band IB,Euro,Norway,2022,0.1316,,
ESTAT:NRG_PC_205_C(1.0),22/10/25 23:00:00,Annual,Energy and supply,Consumption from 20 MWh to 499 MWh - band IB,Euro,Norway,2023,0.0654,,
ESTAT:NRG_PC_205_C(1.0),22/10/25 23:00:00,Annual,Energy and supply,Consumption from 20 MWh to 499 MWh - band IB,Euro,Norway,2024,0.0515,,
ESTAT:NRG_PC_205_C(1.0),22/10/25 23:00:00,Annual,Energy and supply,Consumption from 20 MWh to 499 MWh - band IB,Euro,Poland,2017,0.0474,,
ESTAT:NRG_PC_205_C(1.0),22/10/25 23:00:00,Annual,Energy and supply,Consumption from 20 MWh to 499 MWh - band IB,Euro,Poland,2018,0.0467,,
ESTAT:NRG_PC_205_C(1.0),22/10/25 23:00:00,Annual,Energy and supply,Consumption from 20 MWh to 499 MWh - band IB,Euro,Poland,2019,0.0497,,
ESTAT:NRG_PC_205_C(1.0),22/10/25 23:00:00,Annual,Energy and supply,Consumption from 20 MWh to 499 MWh - band IB,Euro,Poland,2022,0.0904,,
ESTAT:NRG_PC_205_C(1.0),22/10/25 23:00:00,Annual,Energy and supply,Consumption from 20 MWh to 499 MWh - band IB,Euro,Poland,2023,0.1006,,
ESTAT:NRG_PC_205_C(1.0),22/10/25 23:00:00,Annual,Energy and supply,Consumption from 20 MWh to 499 MWh - band IB,Euro,Poland,2024,0.0989,,
ESTAT:NRG_PC_205_C(1.0),22/10/25 23:00:00,Annual,Energy and supply,Consumption from 20 MWh to 499 MWh - band IB,Euro,Sweden,2017,0.0326,,
ESTAT:NRG_PC_205_C(1.0),22/10/25 23:00:00,Annual,Energy and supply,Consumption from 20 MWh to 499 MWh - band IB,Euro,Sweden,2018,0.0397,,
ESTAT:NRG_PC_205_C(1.0),22/10/25 23:00:00,Annual,Energy and supply,Consumption from 20 MWh to 499 MWh - band IB,Euro,Sweden,2019,0.0441,,
ESTAT:NRG_PC_205_C(1.0),22/10/25 23:00:00,Annual,Energy and supply,Consumption from 20 MWh to 499 MWh - band IB,Euro,Sweden,2022,0.1043,,
ESTAT:NRG_PC_205_C(1.0),22/10/25 23:00:00,Annual,Energy and supply,Consumption from 20 MWh to 499 MWh - band IB,Euro,Sweden,2023,0.0701,,
ESTAT:NRG_PC_205_C(1.0),22/10/25 23:00:00,Annual,Energy and supply,Consumption from 20 MWh to 499 MWh - band IB,Euro,Sweden,2024,0.0586,,
ESTAT:NRG_PC_205_C(1.0),22/10/25 23:00:00,Annual,Energy and supply,Consumption from 20 MWh to 499 MWh - band IB,Euro,United Kingdom,2017,0.0756,,
ESTAT:NRG_PC_205_C(1.0),22/10/25 23:00:00,Annual,Energy and supply,Consumption from 20 MWh to 499 MWh - band IB,Euro,United Kingdom,2018,0.0870,,
ESTAT:NRG_PC_205_C(1.0),22/10/25 23:00:00,Annual,Energy and supply,Consumption from 20 MWh to 499 MWh - band IB,Euro,United Kingdom,2019,0.0801,,
ESTAT:NRG_PC_205_C(1.0),22/10/25 23:00:00,Annual,Other,Consumption from 20 MWh to 499 MWh - band IB,Euro,Austria,2017,0.0012,,
ESTAT:NRG_PC_205_C(1.0),22/10/25 23:00:00,Annual,Other,Consumption from 20 MWh to 499 MWh - band IB,Euro,Austria,2018,0.0012,,
ESTAT:NRG_PC_205_C(1.0),22/10/25 23:00:00,Annual,Other,Consumption from 20 MWh to 499 MWh - band IB,Euro,Austria,2019,0.0013,,
ESTAT:NRG_PC_205_C(1.0),22/10/25 23:00:00,Annual,Other,Consumption from 20 MWh to 499 MWh - band IB,Euro,Austria,2022,0.0021,e,
ESTAT:NRG_PC_205_C(1.0),22/10/25 23:00:00,Annual,Other,Consumption from 20 MWh to 499 MWh - band IB,Euro,Austria,2023,-0.0042,e,
ESTAT:NRG_PC_205_C(1.0),22/10/25 23:00:00,Annual,Other,Consumption from 20 MWh to 499 MWh - band IB,Euro,Austria,2024,-0.0007,e,
ESTAT:NRG_PC_205_C(1.0),22/10/25 23:00:00,Annual,Other,Consumption from 20 MWh to 499 MWh - band IB,Euro,Belgium,2017,0.0341,e,
ESTAT:NRG_PC_205_C(1.0),22/10/25 23:00:00,Annual,Other,Consumption from 20 MWh to 499 MWh - band IB,Euro,Belgium,2018,0.0043,,
ESTAT:NRG_PC_205_C(1.0),22/10/25 23:00:00,Annual,Other,Consumption from 20 MWh to 499 MWh - band IB,Euro,Belgium,2019,0.0012,,
ESTAT:NRG_PC_205_C(1.0),22/10/25 23:00:00,Annual,Other,Consumption from 20 MWh to 499 MWh - band IB,Euro,Belgium,2022,0.0000,,
ESTAT:NRG_PC_205_C(1.0),22/10/25 23:00:00,Annual,Other,Consumption from 20 MWh to 499 MWh - band IB,Euro,Belgium,2023,0.0000,,
ESTAT:NRG_PC_205_C(1.0),22/10/25 23:00:00,Annual,Other,Consumption from 20 MWh to 499 MWh - band IB,Euro,Belgium,2024,0.0000,,
ESTAT:NRG_PC_205_C(1.0),22/10/25 23:00:00,Annual,Other,Consumption from 20 MWh to 499 MWh - band IB,Euro,Germany,2019,0.0059,,
ESTAT:NRG_PC_205_C(1.0),22/10/25 23:00:00,Annual,Other,Consumption from 20 MWh to 499 MWh - band IB,Euro,Germany,2022,0.0052,,
ESTAT:NRG_PC_205_C(1.0),22/10/25 23:00:00,Annual,Other,Consumption from 20 MWh to 499 MWh - band IB,Euro,Germany,2023,0.0053,,
ESTAT:NRG_PC_205_C(1.0),22/10/25 23:00:00,Annual,Other,Consumption from 20 MWh to 499 MWh - band IB,Euro,Germany,2024,0.0055,,
ESTAT:NRG_PC_205_C(1.0),22/10/25 23:00:00,Annual,Other,Consumption from 20 MWh to 499 MWh - band IB,Euro,Denmark,2017,0.0000,,
ESTAT:NRG_PC_205_C(1.0),22/10/25 23:00:00,Annual,Other,Consumption from 20 MWh to 499 MWh - band IB,Euro,Denmark,2018,0.0000,,
ESTAT:NRG_PC_205_C(1.0),22/10/25 23:00:00,Annual,Other,Consumption from 20 MWh to 499 MWh - band IB,Euro,Denmark,2019,0.0000,,
ESTAT:NRG_PC_205_C(1.0),22/10/25 23:00:00,Annual,Other,Consumption from 20 MWh to 499 MWh - band IB,Euro,Denmark,2022,0.0000,,
ESTAT:NRG_PC_205_C(1.0),22/10/25 23:00:00,Annual,Other,Consumption from 20 MWh to 499 MWh - band IB,Euro,Denmark,2024,0.0000,,
ESTAT:NRG_PC_205_C(1.0),22/10/25 23:00:00,Annual,Other,Consumption from 20 MWh to 499 MWh - band IB,Euro,Spain,2017,0.0067,d,
ESTAT:NRG_PC_205_C(1.0),22/10/25 23:00:00,Annual,Other,Consumption from 20 MWh to 499 MWh - band IB,Euro,Spain,2018,0.0069,d,
ESTAT:NRG_PC_205_C(1.0),22/10/25 23:00:00,Annual,Other,Consumption from 20 MWh to 499 MWh - band IB,Euro,Spain,2019,0.0123,,
ESTAT:NRG_PC_205_C(1.0),22/10/25 23:00:00,Annual,Other,Consumption from 20 MWh to 499 MWh - band IB,Euro,Spain,2022,0.0110,,
ESTAT:NRG_PC_205_C(1.0),22/10/25 23:00:00,Annual,Other,Consumption from 20 MWh to 499 MWh - band IB,Euro,Spain,2023,0.0052,,
ESTAT:NRG_PC_205_C(1.0),22/10/25 23:00:00,Annual,Other,Consumption from 20 MWh to 499 MWh - band IB,Euro,Spain,2024,0.0121,,
ESTAT:NRG_PC_205_C(1.0),22/10/25 23:00:00,Annual,Other,Consumption from 20 MWh to 499 MWh - band IB,Euro,Finland,2017,0.0000,,
ESTAT:NRG_PC_205_C(1.0),22/10/25 23:00:00,Annual,Other,Consumption from 20 MWh to 499 MWh - band IB,Euro,Finland,2018,0.0000,,
ESTAT:NRG_PC_205_C(1.0),22/10/25 23:00:00,Annual,Other,Consumption from 20 MWh to 499 MWh - band IB,Euro,Finland,2019,0.0000,,
ESTAT:NRG_PC_205_C(1.0),22/10/25 23:00:00,Annual,Other,Consumption from 20 MWh to 499 MWh - band IB,Euro,Finland,2022,0.0000,,
ESTAT:NRG_PC_205_C(1.0),22/10/25 23:00:00,Annual,Other,Consumption from 20 MWh to 499 MWh - band IB,Euro,Finland,2023,0.0000,,
ESTAT:NRG_PC_205_C(1.0),22/10/25 23:00:00,Annual,Other,Consumption from 20 MWh to 499 MWh - band IB,Euro,Finland,2024,0.0000,,
ESTAT:NRG_PC_205_C(1.0),22/10/25 23:00:00,Annual,Other,Consumption from 20 MWh to 499 MWh - band IB,Euro,France,2017,0.0000,,
ESTAT:NRG_PC_205_C(1.0),22/10/25 23:00:00,Annual,Other,Consumption from 20 MWh to 499 MWh - band IB,Euro,France,2018,0.0000,,
ESTAT:NRG_PC_205_C(1.0),22/10/25 23:00:00,Annual,Other,Consumption from 20 MWh to 499 MWh - band IB,Euro,France,2019,0.0000,,
ESTAT:NRG_PC_205_C(1.0),22/10/25 23:00:00,Annual,Other,Consumption from 20 MWh to 499 MWh - band IB,Euro,France,2023,0.0000,,
ESTAT:NRG_PC_205_C(1.0),22/10/25 23:00:00,Annual,Other,Consumption from 20 MWh to 499 MWh - band IB,Euro,France,2024,0.0000,,
ESTAT:NRG_PC_205_C(1.0),22/10/25 23:00:00,Annual,Other,Consumption from 20 MWh to 499 MWh - band IB,Euro,Ireland,2017,0.0031,,
ESTAT:NRG_PC_205_C(1.0),22/10/25 23:00:00,Annual,Other,Consumption from 20 MWh to 499 MWh - band IB,Euro,Ireland,2018,0.0026,,
ESTAT:NRG_PC_205_C(1.0),22/10/25 23:00:00,Annual,Other,Consumption from 20 MWh to 499 MWh - band IB,Euro,Ireland,2019,0.0012,,
ESTAT:NRG_PC_205_C(1.0),22/10/25 23:00:00,Annual,Other,Consumption from 20 MWh to 499 MWh - band IB,Euro,Ireland,2022,0.0032,,
ESTAT:NRG_PC_205_C(1.0),22/10/25 23:00:00,Annual,Other,Consumption from 20 MWh to 499 MWh - band IB,Euro,Ireland,2023,0.0055,,
ESTAT:NRG_PC_205_C(1.0),22/10/25 23:00:00,Annual,Other,Consumption from 20 MWh to 499 MWh - band IB,Euro,Ireland,2024,0.0008,,
ESTAT:NRG_PC_205_C(1.0),22/10/25 23:00:00,Annual,Other,Consumption from 20 MWh to 499 MWh - band IB,Euro,Italy,2017,0.0735,d,
ESTAT:NRG_PC_205_C(1.0),22/10/25 23:00:00,Annual,Other,Consumption from 20 MWh to 499 MWh - band IB,Euro,Italy,2018,0.0646,d,
ESTAT:NRG_PC_205_C(1.0),22/10/25 23:00:00,Annual,Other,Consumption from 20 MWh to 499 MWh - band IB,Euro,Italy,2019,0.0043,,
ESTAT:NRG_PC_205_C(1.0),22/10/25 23:00:00,Annual,Other,Consumption from 20 MWh to 499 MWh - band IB,Euro,Italy,2022,0.0006,,
ESTAT:NRG_PC_205_C(1.0),22/10/25 23:00:00,Annual,Other,Consumption from 20 MWh to 499 MWh - band IB,Euro,Italy,2023,0.0054,,
ESTAT:NRG_PC_205_C(1.0),22/10/25 23:00:00,Annual,Other,Consumption from 20 MWh to 499 MWh - band IB,Euro,Italy,2024,0.0107,,
ESTAT:NRG_PC_205_C(1.0),22/10/25 23:00:00,Annual,Other,Consumption from 20 MWh to 499 MWh - band IB,Euro,Netherlands,2017,0.0000,,
ESTAT:NRG_PC_205_C(1.0),22/10/25 23:00:00,Annual,Other,Consumption from 20 MWh to 499 MWh - band IB,Euro,Netherlands,2018,0.0000,,
ESTAT:NRG_PC_205_C(1.0),22/10/25 23:00:00,Annual,Other,Consumption from 20 MWh to 499 MWh - band IB,Euro,Netherlands,2019,0.0000,,
ESTAT:NRG_PC_205_C(1.0),22/10/25 23:00:00,Annual,Other,Consumption from 20 MWh to 499 MWh - band IB,Euro,Netherlands,2022,0.0000,,
ESTAT:NRG_PC_205_C(1.0),22/10/25 23:00:00,Annual,Other,Consumption from 20 MWh to 499 MWh - band IB,Euro,Netherlands,2023,0.0000,,
ESTAT:NRG_PC_205_C(1.0),22/10/25 23:00:00,Annual,Other,Consumption from 20 MWh to 499 MWh - band IB,Euro,Netherlands,2024,0.0000,,
ESTAT:NRG_PC_205_C(1.0),22/10/25 23:00:00,Annual,Other,Consumption from 20 MWh to 499 MWh - band IB,Euro,Norway,2017,0.0000,,
ESTAT:NRG_PC_205_C(1.0),22/10/25 23:00:00,Annual,Other,Consumption from 20 MWh to 499 MWh - band IB,Euro,Norway,2018,0.0000,,
ESTAT:NRG_PC_205_C(1.0),22/10/25 23:00:00,Annual,Other,Consumption from 20 MWh to 499 MWh - band IB,Euro,Norway,2019,0.0000,,
ESTAT:NRG_PC_205_C(1.0),22/10/25 23:00:00,Annual,Other,Consumption from 20 MWh to 499 MWh - band IB,Euro,Norway,2022,0.0000,,
ESTAT:NRG_PC_205_C(1.0),22/10/25 23:00:00,Annual,Other,Consumption from 20 MWh to 499 MWh - band IB,Euro,Norway,2024,0.0000,,
ESTAT:NRG_PC_205_C(1.0),22/10/25 23:00:00,Annual,Other,Consumption from 20 MWh to 499 MWh - band IB,Euro,Poland,2017,0.0000,,
ESTAT:NRG_PC_205_C(1.0),22/10/25 23:00:00,Annual,Other,Consumption from 20 MWh to 499 MWh - band IB,Euro,Poland,2018,0.0022,,
ESTAT:NRG_PC_205_C(1.0),22/10/25 23:00:00,Annual,Other,Consumption from 20 MWh to 499 MWh - band IB,Euro,Poland,2019,0.0019,,
ESTAT:NRG_PC_205_C(1.0),22/10/25 23:00:00,Annual,Other,Consumption from 20 MWh to 499 MWh - band IB,Euro,Poland,2022,0.0017,,
ESTAT:NRG_PC_205_C(1.0),22/10/25 23:00:00,Annual,Other,Consumption from 20 MWh to 499 MWh - band IB,Euro,Poland,2023,0.0026,,
ESTAT:NRG_PC_205_C(1.0),22/10/25 23:00:00,Annual,Other,Consumption from 20 MWh to 499 MWh - band IB,Euro,Poland,2024,0.0038,,
ESTAT:NRG_PC_205_C(1.0),22/10/25 23:00:00,Annual,Other,Consumption from 20 MWh to 499 MWh - band IB,Euro,Sweden,2017,0.0000,,
ESTAT:NRG_PC_205_C(1.0),22/10/25 23:00:00,Annual,Other,Consumption from 20 MWh to 499 MWh - band IB,Euro,Sweden,2018,0.0000,,
ESTAT:NRG_PC_205_C(1.0),22/10/25 23:00:00,Annual,Other,Consumption from 20 MWh to 499 MWh - band IB,Euro,Sweden,2019,0.0000,,
ESTAT:NRG_PC_205_C(1.0),22/10/25 23:00:00,Annual,Other,Consumption from 20 MWh to 499 MWh - band IB,Euro,Sweden,2023,0.0000,,
ESTAT:NRG_PC_205_C(1.0),22/10/25 23:00:00,Annual,Other,Consumption from 20 MWh to 499 MWh - band IB,Euro,Sweden,2024,0.0000,,
ESTAT:NRG_PC_205_C(1.0),22/10/25 23:00:00,Annual,Other,Consumption from 20 MWh to 499 MWh - band IB,Euro,United Kingdom,2017,0.0075,,
ESTAT:NRG_PC_205_C(1.0),22/10/25 23:00:00,Annual,Other,Consumption from 20 MWh to 499 MWh - band IB,Euro,United Kingdom,2018,0.0096,,
ESTAT:NRG_PC_205_C(1.0),22/10/25 23:00:00,Annual,Other,Consumption from 20 MWh to 499 MWh - band IB,Euro,United Kingdom,2019,0.0168,,
ESTAT:NRG_PC_205_C(1.0),22/10/25 23:00:00,Annual,Capacity taxes,Consumption from 20 MWh to 499 MWh - band IB,Euro,Austria,2017,0.0000,,
ESTAT:NRG_PC_205_C(1.0),22/10/25 23:00:00,Annual,Capacity taxes,Consumption from 20 MWh to 499 MWh - band IB,Euro,Austria,2018,0.0000,,
ESTAT:NRG_PC_205_C(1.0),22/10/25 23:00:00,Annual,Capacity taxes,Consumption from 20 MWh to 499 MWh - band IB,Euro,Austria,2019,0.0000,,
ESTAT:NRG_PC_205_C(1.0),22/10/25 23:00:00,Annual,Capacity taxes,Consumption from 20 MWh to 499 MWh - band IB,Euro,Austria,2022,0.0000,,
ESTAT:NRG_PC_205_C(1.0),22/10/25 23:00:00,Annual,Capacity taxes,Consumption from 20 MWh to 499 MWh - band IB,Euro,Austria,2023,0.0000,,
ESTAT:NRG_PC_205_C(1.0),22/10/25 23:00:00,Annual,Capacity taxes,Consumption from 20 MWh to 499 MWh - band IB,Euro,Austria,2024,0.0000,,
ESTAT:NRG_PC_205_C(1.0),22/10/25 23:00:00,Annual,Capacity taxes,Consumption from 20 MWh to 499 MWh - band IB,Euro,Belgium,2017,0.0008,e,
ESTAT:NRG_PC_205_C(1.0),22/10/25 23:00:00,Annual,Capacity taxes,Consumption from 20 MWh to 499 MWh - band IB,Euro,Belgium,2018,0.0021,,
ESTAT:NRG_PC_205_C(1.0),22/10/25 23:00:00,Annual,Capacity taxes,Consumption from 20 MWh to 499 MWh - band IB,Euro,Belgium,2019,0.0018,,
ESTAT:NRG_PC_205_C(1.0),22/10/25 23:00:00,Annual,Capacity taxes,Consumption from 20 MWh to 499 MWh - band IB,Euro,Belgium,2022,0.0019,,
ESTAT:NRG_PC_205_C(1.0),22/10/25 23:00:00,Annual,Capacity taxes,Consumption from 20 MWh to 499 MWh - band IB,Euro,Belgium,2023,0.0021,,
ESTAT:NRG_PC_205_C(1.0),22/10/25 23:00:00,Annual,Capacity taxes,Consumption from 20 MWh to 499 MWh - band IB,Euro,Belgium,2024,0.0022,,
ESTAT:NRG_PC_205_C(1.0),22/10/25 23:00:00,Annual,Capacity taxes,Consumption from 20 MWh to 499 MWh - band IB,Euro,Germany,2019,0.0072,,
ESTAT:NRG_PC_205_C(1.0),22/10/25 23:00:00,Annual,Capacity taxes,Consumption from 20 MWh to 499 MWh - band IB,Euro,Germany,2022,0.0085,,
ESTAT:NRG_PC_205_C(1.0),22/10/25 23:00:00,Annual,Capacity taxes,Consumption from 20 MWh to 499 MWh - band IB,Euro,Germany,2023,0.0100,,
ESTAT:NRG_PC_205_C(1.0),22/10/25 23:00:00,Annual,Capacity taxes,Consumption from 20 MWh to 499 MWh - band IB,Euro,Germany,2024,0.0127,,
ESTAT:NRG_PC_205_C(1.0),22/10/25 23:00:00,Annual,Capacity taxes,Consumption from 20 MWh to 499 MWh - band IB,Euro,Denmark,2017,0.0000,,
ESTAT:NRG_PC_205_C(1.0),22/10/25 23:00:00,Annual,Capacity taxes,Consumption from 20 MWh to 499 MWh - band IB,Euro,Denmark,2018,0.0000,,
ESTAT:NRG_PC_205_C(1.0),22/10/25 23:00:00,Annual,Capacity taxes,Consumption from 20 MWh to 499 MWh - band IB,Euro,Denmark,2019,0.0000,,
ESTAT:NRG_PC_205_C(1.0),22/10/25 23:00:00,Annual,Capacity taxes,Consumption from 20 MWh to 499 MWh - band IB,Euro,Denmark,2022,0.0000,,
ESTAT:NRG_PC_205_C(1.0),22/10/25 23:00:00,Annual,Capacity taxes,Consumption from 20 MWh to 499 MWh - band IB,Euro,Denmark,2024,0.0000,,
ESTAT:NRG_PC_205_C(1.0),22/10/25 23:00:00,Annual,Capacity taxes,Consumption from 20 MWh to 499 MWh - band IB,Euro,Spain,2019,0.0041,,
ESTAT:NRG_PC_205_C(1.0),22/10/25 23:00:00,Annual,Capacity taxes,Consumption from 20 MWh to 499 MWh - band IB,Euro,Spain,2022,0.0009,,
ESTAT:NRG_PC_205_C(1.0),22/10/25 23:00:00,Annual,Capacity taxes,Consumption from 20 MWh to 499 MWh - band IB,Euro,Spain,2023,0.0007,,
ESTAT:NRG_PC_205_C(1.0),22/10/25 23:00:00,Annual,Capacity taxes,Consumption from 20 MWh to 499 MWh - band IB,Euro,Spain,2024,0.0006,,
ESTAT:NRG_PC_205_C(1.0),22/10/25 23:00:00,Annual,Capacity taxes,Consumption from 20 MWh to 499 MWh - band IB,Euro,Finland,2017,0.0001,,
ESTAT:NRG_PC_205_C(1.0),22/10/25 23:00:00,Annual,Capacity taxes,Consumption from 20 MWh to 499 MWh - band IB,Euro,Finland,2018,0.0001,,
ESTAT:NRG_PC_205_C(1.0),22/10/25 23:00:00,Annual,Capacity taxes,Consumption from 20 MWh to 499 MWh - band IB,Euro,Finland,2019,0.0001,,
ESTAT:NRG_PC_205_C(1.0),22/10/25 23:00:00,Annual,Capacity taxes,Consumption from 20 MWh to 499 MWh - band IB,Euro,Finland,2022,0.0006,,
ESTAT:NRG_PC_205_C(1.0),22/10/25 23:00:00,Annual,Capacity taxes,Consumption from 20 MWh to 499 MWh - band IB,Euro,Finland,2023,0.0006,,
ESTAT:NRG_PC_205_C(1.0),22/10/25 23:00:00,Annual,Capacity taxes,Consumption from 20 MWh to 499 MWh - band IB,Euro,Finland,2024,0.0001,,
ESTAT:NRG_PC_205_C(1.0),22/10/25 23:00:00,Annual,Capacity taxes,Consumption from 20 MWh to 499 MWh - band IB,Euro,France,2017,0.0032,,
ESTAT:NRG_PC_205_C(1.0),22/10/25 23:00:00,Annual,Capacity taxes,Consumption from 20 MWh to 499 MWh - band IB,Euro,France,2018,0.0031,,
ESTAT:NRG_PC_205_C(1.0),22/10/25 23:00:00,Annual,Capacity taxes,Consumption from 20 MWh to 499 MWh - band IB,Euro,France,2019,0.0029,,
ESTAT:NRG_PC_205_C(1.0),22/10/25 23:00:00,Annual,Capacity taxes,Consumption from 20 MWh to 499 MWh - band IB,Euro,France,2022,0.0030,,
ESTAT:NRG_PC_205_C(1.0),22/10/25 23:00:00,Annual,Capacity taxes,Consumption from 20 MWh to 499 MWh - band IB,Euro,France,2023,0.0031,,
ESTAT:NRG_PC_205_C(1.0),22/10/25 23:00:00,Annual,Capacity taxes,Consumption from 20 MWh to 499 MWh - band IB,Euro,France,2024,0.0035,,
ESTAT:NRG_PC_205_C(1.0),22/10/25 23:00:00,Annual,Capacity taxes,Consumption from 20 MWh to 499 MWh - band IB,Euro,Ireland,2017,0.0039,,
ESTAT:NRG_PC_205_C(1.0),22/10/25 23:00:00,Annual,Capacity taxes,Consumption from 20 MWh to 499 MWh - band IB,Euro,Ireland,2018,0.0035,,
ESTAT:NRG_PC_205_C(1.0),22/10/25 23:00:00,Annual,Capacity taxes,Consumption from 20 MWh to 499 MWh - band IB,Euro,Ireland,2019,0.0015,,
ESTAT:NRG_PC_205_C(1.0),22/10/25 23:00:00,Annual,Capacity taxes,Consumption from 20 MWh to 499 MWh - band IB,Euro,Ireland,2022,0.0007,,
ESTAT:NRG_PC_205_C(1.0),22/10/25 23:00:00,Annual,Capacity taxes,Consumption from 20 MWh to 499 MWh - band IB,Euro,Ireland,2023,-0.0021,,
ESTAT:NRG_PC_205_C(1.0),22/10/25 23:00:00,Annual,Capacity taxes,Consumption from 20 MWh to 499 MWh - band IB,Euro,Ireland,2024,0.0002,,
ESTAT:NRG_PC_205_C(1.0),22/10/25 23:00:00,Annual,Capacity taxes,Consumption from 20 MWh to 499 MWh - band IB,Euro,Italy,2019,0.0000,,
ESTAT:NRG_PC_205_C(1.0),22/10/25 23:00:00,Annual,Capacity taxes,Consumption from 20 MWh to 499 MWh - band IB,Euro,Italy,2022,0.0047,e,
ESTAT:NRG_PC_205_C(1.0),22/10/25 23:00:00,Annual,Capacity taxes,Consumption from 20 MWh to 499 MWh - band IB,Euro,Italy,2023,0.0057,,
ESTAT:NRG_PC_205_C(1.0),22/10/25 23:00:00,Annual,Capacity taxes,Consumption from 20 MWh to 499 MWh - band IB,Euro,Italy,2024,0.0062,,
ESTAT:NRG_PC_205_C(1.0),22/10/25 23:00:00,Annual,Capacity taxes,Consumption from 20 MWh to 499 MWh - band IB,Euro,Netherlands,2017,0.0000,,
ESTAT:NRG_PC_205_C(1.0),22/10/25 23:00:00,Annual,Capacity taxes,Consumption from 20 MWh to 499 MWh - band IB,Euro,Netherlands,2018,0.0000,,
ESTAT:NRG_PC_205_C(1.0),22/10/25 23:00:00,Annual,Capacity taxes,Consumption from 20 MWh to 499 MWh - band IB,Euro,Netherlands,2019,0.0000,,
ESTAT:NRG_PC_205_C(1.0),22/10/25 23:00:00,Annual,Capacity taxes,Consumption from 20 MWh to 499 MWh - band IB,Euro,Netherlands,2022,0.0000,,
ESTAT:NRG_PC_205_C(1.0),22/10/25 23:00:00,Annual,Capacity taxes,Consumption from 20 MWh to 499 MWh - band IB,Euro,Netherlands,2023,0.0000,,
ESTAT:NRG_PC_205_C(1.0),22/10/25 23:00:00,Annual,Capacity taxes,Consumption from 20 MWh to 499 MWh - band IB,Euro,Netherlands,2024,0.0000,,
ESTAT:NRG_PC_205_C(1.0),22/10/25 23:00:00,Annual,Capacity taxes,Consumption from 20 MWh to 499 MWh - band IB,Euro,Norway,2017,0.0000,,
ESTAT:NRG_PC_205_C(1.0),22/10/25 23:00:00,Annual,Capacity taxes,Consumption from 20 MWh to 499 MWh - band IB,Euro,Norway,2018,0.0000,,
ESTAT:NRG_PC_205_C(1.0),22/10/25 23:00:00,Annual,Capacity taxes,Consumption from 20 MWh to 499 MWh - band IB,Euro,Norway,2019,0.0000,,
ESTAT:NRG_PC_205_C(1.0),22/10/25 23:00:00,Annual,Capacity taxes,Consumption from 20 MWh to 499 MWh - band IB,Euro,Norway,2022,0.0000,,
ESTAT:NRG_PC_205_C(1.0),22/10/25 23:00:00,Annual,Capacity taxes,Consumption from 20 MWh to 499 MWh - band IB,Euro,Norway,2024,0.0000,,
ESTAT:NRG_PC_205_C(1.0),22/10/25 23:00:00,Annual,Capacity taxes,Consumption from 20 MWh to 499 MWh - band IB,Euro,Poland,2017,0.0069,,
ESTAT:NRG_PC_205_C(1.0),22/10/25 23:00:00,Annual,Capacity taxes,Consumption from 20 MWh to 499 MWh - band IB,Euro,Poland,2018,0.0063,,
ESTAT:NRG_PC_205_C(1.0),22/10/25 23:00:00,Annual,Capacity taxes,Consumption from 20 MWh to 499 MWh - band IB,Euro,Poland,2019,0.0041,,
ESTAT:NRG_PC_205_C(1.0),22/10/25 23:00:00,Annual,Capacity taxes,Consumption from 20 MWh to 499 MWh - band IB,Euro,Poland,2022,0.0115,,
ESTAT:NRG_PC_205_C(1.0),22/10/25 23:00:00,Annual,Capacity taxes,Consumption from 20 MWh to 499 MWh - band IB,Euro,Poland,2023,0.0130,,
ESTAT:NRG_PC_205_C(1.0),22/10/25 23:00:00,Annual,Capacity taxes,Consumption from 20 MWh to 499 MWh - band IB,Euro,Poland,2024,0.0180,,
ESTAT:NRG_PC_205_C(1.0),22/10/25 23:00:00,Annual,Capacity taxes,Consumption from 20 MWh to 499 MWh - band IB,Euro,Sweden,2017,0.0000,,
ESTAT:NRG_PC_205_C(1.0),22/10/25 23:00:00,Annual,Capacity taxes,Consumption from 20 MWh to 499 MWh - band IB,Euro,Sweden,2018,0.0000,,
ESTAT:NRG_PC_205_C(1.0),22/10/25 23:00:00,Annual,Capacity taxes,Consumption from 20 MWh to 499 MWh - band IB,Euro,Sweden,2019,0.0000,,
ESTAT:NRG_PC_205_C(1.0),22/10/25 23:00:00,Annual,Capacity taxes,Consumption from 20 MWh to 499 MWh - band IB,Euro,Sweden,2023,0.0000,,
ESTAT:NRG_PC_205_C(1.0),22/10/25 23:00:00,Annual,Capacity taxes,Consumption from 20 MWh to 499 MWh - band IB,Euro,Sweden,2024,0.0000,,
ESTAT:NRG_PC_205_C(1.0),22/10/25 23:00:00,Annual,Capacity taxes,Consumption from 20 MWh to 499 MWh - band IB,Euro,United Kingdom,2017,0.0003,,
ESTAT:NRG_PC_205_C(1.0),22/10/25 23:00:00,Annual,Capacity taxes,Consumption from 20 MWh to 499 MWh - band IB,Euro,United Kingdom,2018,0.0010,,
ESTAT:NRG_PC_205_C(1.0),22/10/25 23:00:00,Annual,Capacity taxes,Consumption from 20 MWh to 499 MWh - band IB,Euro,United Kingdom,2019,0.0014,,
ESTAT:NRG_PC_205_C(1.0),22/10/25 23:00:00,Annual,Environmental taxes,Consumption from 20 MWh to 499 MWh - band IB,Euro,Austria,2017,0.0150,,
ESTAT:NRG_PC_205_C(1.0),22/10/25 23:00:00,Annual,Environmental taxes,Consumption from 20 MWh to 499 MWh - band IB,Euro,Austria,2018,0.0150,,
ESTAT:NRG_PC_205_C(1.0),22/10/25 23:00:00,Annual,Environmental taxes,Consumption from 20 MWh to 499 MWh - band IB,Euro,Austria,2019,0.0150,,
ESTAT:NRG_PC_205_C(1.0),22/10/25 23:00:00,Annual,Environmental taxes,Consumption from 20 MWh to 499 MWh - band IB,Euro,Austria,2022,0.0082,,
ESTAT:NRG_PC_205_C(1.0),22/10/25 23:00:00,Annual,Environmental taxes,Consumption from 20 MWh to 499 MWh - band IB,Euro,Austria,2023,0.0014,,
ESTAT:NRG_PC_205_C(1.0),22/10/25 23:00:00,Annual,Environmental taxes,Consumption from 20 MWh to 499 MWh - band IB,Euro,Austria,2024,0.0012,,
ESTAT:NRG_PC_205_C(1.0),22/10/25 23:00:00,Annual,Environmental taxes,Consumption from 20 MWh to 499 MWh - band IB,Euro,Belgium,2017,0.0000,e,
ESTAT:NRG_PC_205_C(1.0),22/10/25 23:00:00,Annual,Environmental taxes,Consumption from 20 MWh to 499 MWh - band IB,Euro,Belgium,2018,0.0017,,
ESTAT:NRG_PC_205_C(1.0),22/10/25 23:00:00,Annual,Environmental taxes,Consumption from 20 MWh to 499 MWh - band IB,Euro,Belgium,2019,0.0017,,
ESTAT:NRG_PC_205_C(1.0),22/10/25 23:00:00,Annual,Environmental taxes,Consumption from 20 MWh to 499 MWh - band IB,Euro,Belgium,2022,0.0133,,
ESTAT:NRG_PC_205_C(1.0),22/10/25 23:00:00,Annual,Environmental taxes,Consumption from 20 MWh to 499 MWh - band IB,Euro,Belgium,2023,0.0105,,
ESTAT:NRG_PC_205_C(1.0),22/10/25 23:00:00,Annual,Environmental taxes,Consumption from 20 MWh to 499 MWh - band IB,Euro,Belgium,2024,0.0133,,
ESTAT:NRG_PC_205_C(1.0),22/10/25 23:00:00,Annual,Environmental taxes,Consumption from 20 MWh to 499 MWh - band IB,Euro,Germany,2019,0.0205,,
ESTAT:NRG_PC_205_C(1.0),22/10/25 23:00:00,Annual,Environmental taxes,Consumption from 20 MWh to 499 MWh - band IB,Euro,Germany,2022,0.0205,,
ESTAT:NRG_PC_205_C(1.0),22/10/25 23:00:00,Annual,Environmental taxes,Consumption from 20 MWh to 499 MWh - band IB,Euro,Germany,2023,0.0205,,
ESTAT:NRG_PC_205_C(1.0),22/10/25 23:00:00,Annual,Environmental taxes,Consumption from 20 MWh to 499 MWh - band IB,Euro,Germany,2024,0.0205,,
ESTAT:NRG_PC_205_C(1.0),22/10/25 23:00:00,Annual,Environmental taxes,Consumption from 20 MWh to 499 MWh - band IB,Euro,Denmark,2017,0.0005,,
ESTAT:NRG_PC_205_C(1.0),22/10/25 23:00:00,Annual,Environmental taxes,Consumption from 20 MWh to 499 MWh - band IB,Euro,Denmark,2018,0.0005,,
ESTAT:NRG_PC_205_C(1.0),22/10/25 23:00:00,Annual,Environmental taxes,Consumption from 20 MWh to 499 MWh - band IB,Euro,Denmark,2019,0.0005,,
ESTAT:NRG_PC_205_C(1.0),22/10/25 23:00:00,Annual,Environmental taxes,Consumption from 20 MWh to 499 MWh - band IB,Euro,Denmark,2022,0.0005,,
ESTAT:NRG_PC_205_C(1.0),22/10/25 23:00:00,Annual,Environmental taxes,Consumption from 20 MWh to 499 MWh - band IB,Euro,Denmark,2023,0.0005,,
ESTAT:NRG_PC_205_C(1.0),22/10/25 23:00:00,Annual,Environmental taxes,Consumption from 20 MWh to 499 MWh - band IB,Euro,Denmark,2024,0.0008,,
ESTAT:NRG_PC_205_C(1.0),22/10/25 23:00:00,Annual,Environmental taxes,Consumption from 20 MWh to 499 MWh - band IB,Euro,Spain,2019,0.0070,,
ESTAT:NRG_PC_205_C(1.0),22/10/25 23:00:00,Annual,Environmental taxes,Consumption from 20 MWh to 499 MWh - band IB,Euro,Spain,2022,0.0050,,
ESTAT:NRG_PC_205_C(1.0),22/10/25 23:00:00,Annual,Environmental taxes,Consumption from 20 MWh to 499 MWh - band IB,Euro,Spain,2023,0.0011,,
ESTAT:NRG_PC_205_C(1.0),22/10/25 23:00:00,Annual,Environmental taxes,Consumption from 20 MWh to 499 MWh - band IB,Euro,Spain,2024,0.0067,,
ESTAT:NRG_PC_205_C(1.0),22/10/25 23:00:00,Annual,Environmental taxes,Consumption from 20 MWh to 499 MWh - band IB,Euro,Finland,2017,0.0069,,
ESTAT:NRG_PC_205_C(1.0),22/10/25 23:00:00,Annual,Environmental taxes,Consumption from 20 MWh to 499 MWh - band IB,Euro,Finland,2018,0.0069,,
ESTAT:NRG_PC_205_C(1.0),22/10/25 23:00:00,Annual,Environmental taxes,Consumption from 20 MWh to 499 MWh - band IB,Euro,Finland,2019,0.0069,,
ESTAT:NRG_PC_205_C(1.0),22/10/25 23:00:00,Annual,Environmental taxes,Consumption from 20 MWh to 499 MWh - band IB,Euro,Finland,2022,0.0000,,
ESTAT:NRG_PC_205_C(1.0),22/10/25 23:00:00,Annual,Environmental taxes,Consumption from 20 MWh to 499 MWh - band IB,Euro,Finland,2023,0.0000,,
ESTAT:NRG_PC_205_C(1.0),22/10/25 23:00:00,Annual,Environmental taxes,Consumption from 20 MWh to 499 MWh - band IB,Euro,Finland,2024,0.0005,,
ESTAT:NRG_PC_205_C(1.0),22/10/25 23:00:00,Annual,Environmental taxes,Consumption from 20 MWh to 499 MWh - band IB,Euro,France,2017,0.0275,,
ESTAT:NRG_PC_205_C(1.0),22/10/25 23:00:00,Annual,Environmental taxes,Consumption from 20 MWh to 499 MWh - band IB,Euro,France,2018,0.0267,,
ESTAT:NRG_PC_205_C(1.0),22/10/25 23:00:00,Annual,Environmental taxes,Consumption from 20 MWh to 499 MWh - band IB,Euro,France,2019,0.0268,,
ESTAT:NRG_PC_205_C(1.0),22/10/25 23:00:00,Annual,Environmental taxes,Consumption from 20 MWh to 499 MWh - band IB,Euro,France,2022,0.0075,,
ESTAT:NRG_PC_205_C(1.0),22/10/25 23:00:00,Annual,Environmental taxes,Consumption from 20 MWh to 499 MWh - band IB,Euro,France,2023,0.0006,,
ESTAT:NRG_PC_205_C(1.0),22/10/25 23:00:00,Annual,Environmental taxes,Consumption from 20 MWh to 499 MWh - band IB,Euro,France,2024,0.0175,,
ESTAT:NRG_PC_205_C(1.0),22/10/25 23:00:00,Annual,Environmental taxes,Consumption from 20 MWh to 499 MWh - band IB,Euro,Ireland,2017,0.0005,,
ESTAT:NRG_PC_205_C(1.0),22/10/25 23:00:00,Annual,Environmental taxes,Consumption from 20 MWh to 499 MWh - band IB,Euro,Ireland,2018,0.0005,,
ESTAT:NRG_PC_205_C(1.0),22/10/25 23:00:00,Annual,Environmental taxes,Consumption from 20 MWh to 499 MWh - band IB,Euro,Ireland,2019,0.0003,,
ESTAT:NRG_PC_205_C(1.0),22/10/25 23:00:00,Annual,Environmental taxes,Consumption from 20 MWh to 499 MWh - band IB,Euro,Ireland,2022,0.0002,,
ESTAT:NRG_PC_205_C(1.0),22/10/25 23:00:00,Annual,Environmental taxes,Consumption from 20 MWh to 499 MWh - band IB,Euro,Ireland,2023,0.0004,,
ESTAT:NRG_PC_205_C(1.0),22/10/25 23:00:00,Annual,Environmental taxes,Consumption from 20 MWh to 499 MWh - band IB,Euro,Ireland,2024,0.0004,,
ESTAT:NRG_PC_205_C(1.0),22/10/25 23:00:00,Annual,Environmental taxes,Consumption from 20 MWh to 499 MWh - band IB,Euro,Italy,2019,0.0123,,
ESTAT:NRG_PC_205_C(1.0),22/10/25 23:00:00,Annual,Environmental taxes,Consumption from 20 MWh to 499 MWh - band IB,Euro,Italy,2022,0.0122,,
ESTAT:NRG_PC_205_C(1.0),22/10/25 23:00:00,Annual,Environmental taxes,Consumption from 20 MWh to 499 MWh - band IB,Euro,Italy,2023,0.0124,,
ESTAT:NRG_PC_205_C(1.0),22/10/25 23:00:00,Annual,Environmental taxes,Consumption from 20 MWh to 499 MWh - band IB,Euro,Italy,2024,0.0123,,
ESTAT:NRG_PC_205_C(1.0),22/10/25 23:00:00,Annual,Environmental taxes,Consumption from 20 MWh to 499 MWh - band IB,Euro,Netherlands,2017,0.0420,,
ESTAT:NRG_PC_205_C(1.0),22/10/25 23:00:00,Annual,Environmental taxes,Consumption from 20 MWh to 499 MWh - band IB,Euro,Netherlands,2018,0.0510,,
ESTAT:NRG_PC_205_C(1.0),22/10/25 23:00:00,Annual,Environmental taxes,Consumption from 20 MWh to 499 MWh - band IB,Euro,Netherlands,2019,0.0420,,
ESTAT:NRG_PC_205_C(1.0),22/10/25 23:00:00,Annual,Environmental taxes,Consumption from 20 MWh to 499 MWh - band IB,Euro,Netherlands,2022,0.0460,,
ESTAT:NRG_PC_205_C(1.0),22/10/25 23:00:00,Annual,Environmental taxes,Consumption from 20 MWh to 499 MWh - band IB,Euro,Netherlands,2023,0.0582,,
ESTAT:NRG_PC_205_C(1.0),22/10/25 23:00:00,Annual,Environmental taxes,Consumption from 20 MWh to 499 MWh - band IB,Euro,Netherlands,2024,0.0554,,
ESTAT:NRG_PC_205_C(1.0),22/10/25 23:00:00,Annual,Environmental taxes,Consumption from 20 MWh to 499 MWh - band IB,Euro,Norway,2017,0.0105,,
ESTAT:NRG_PC_205_C(1.0),22/10/25 23:00:00,Annual,Environmental taxes,Consumption from 20 MWh to 499 MWh - band IB,Euro,Norway,2018,0.0104,,
ESTAT:NRG_PC_205_C(1.0),22/10/25 23:00:00,Annual,Environmental taxes,Consumption from 20 MWh to 499 MWh - band IB,Euro,Norway,2019,0.0100,,
ESTAT:NRG_PC_205_C(1.0),22/10/25 23:00:00,Annual,Environmental taxes,Consumption from 20 MWh to 499 MWh - band IB,Euro,Norway,2022,0.0097,,
ESTAT:NRG_PC_205_C(1.0),22/10/25 23:00:00,Annual,Environmental taxes,Consumption from 20 MWh to 499 MWh - band IB,Euro,Norway,2023,0.0086,,
ESTAT:NRG_PC_205_C(1.0),22/10/25 23:00:00,Annual,Environmental taxes,Consumption from 20 MWh to 499 MWh - band IB,Euro,Norway,2024,0.0085,,
ESTAT:NRG_PC_205_C(1.0),22/10/25 23:00:00,Annual,Environmental taxes,Consumption from 20 MWh to 499 MWh - band IB,Euro,Poland,2017,0.0063,e,
ESTAT:NRG_PC_205_C(1.0),22/10/25 23:00:00,Annual,Environmental taxes,Consumption from 20 MWh to 499 MWh - band IB,Euro,Poland,2018,0.0081,,
ESTAT:NRG_PC_205_C(1.0),22/10/25 23:00:00,Annual,Environmental taxes,Consumption from 20 MWh to 499 MWh - band IB,Euro,Poland,2019,0.0100,,
ESTAT:NRG_PC_205_C(1.0),22/10/25 23:00:00,Annual,Environmental taxes,Consumption from 20 MWh to 499 MWh - band IB,Euro,Poland,2022,0.0389,,
ESTAT:NRG_PC_205_C(1.0),22/10/25 23:00:00,Annual,Environmental taxes,Consumption from 20 MWh to 499 MWh - band IB,Euro,Poland,2023,0.0537,,
ESTAT:NRG_PC_205_C(1.0),22/10/25 23:00:00,Annual,Environmental taxes,Consumption from 20 MWh to 499 MWh - band IB,Euro,Poland,2024,0.0541,,
ESTAT:NRG_PC_205_C(1.0),22/10/25 23:00:00,Annual,Environmental taxes,Consumption from 20 MWh to 499 MWh - band IB,Euro,Sweden,2017,0.0005,,
ESTAT:NRG_PC_205_C(1.0),22/10/25 23:00:00,Annual,Environmental taxes,Consumption from 20 MWh to 499 MWh - band IB,Euro,Sweden,2018,0.0005,,
ESTAT:NRG_PC_205_C(1.0),22/10/25 23:00:00,Annual,Environmental taxes,Consumption from 20 MWh to 499 MWh - band IB,Euro,Sweden,2019,0.0005,,
ESTAT:NRG_PC_205_C(1.0),22/10/25 23:00:00,Annual,Environmental taxes,Consumption from 20 MWh to 499 MWh - band IB,Euro,Sweden,2022,0.0006,,
ESTAT:NRG_PC_205_C(1.0),22/10/25 23:00:00,Annual,Environmental taxes,Consumption from 20 MWh to 499 MWh - band IB,Euro,Sweden,2023,0.0005,,
ESTAT:NRG_PC_205_C(1.0),22/10/25 23:00:00,Annual,Environmental taxes,Consumption from 20 MWh to 499 MWh - band IB,Euro,Sweden,2024,0.0005,,
ESTAT:NRG_PC_205_C(1.0),22/10/25 23:00:00,Annual,Environmental taxes,Consumption from 20 MWh to 499 MWh - band IB,Euro,United Kingdom,2017,0.0058,,
ESTAT:NRG_PC_205_C(1.0),22/10/25 23:00:00,Annual,Environmental taxes,Consumption from 20 MWh to 499 MWh - band IB,Euro,United Kingdom,2018,0.0054,,
ESTAT:NRG_PC_205_C(1.0),22/10/25 23:00:00,Annual,Environmental taxes,Consumption from 20 MWh to 499 MWh - band IB,Euro,United Kingdom,2019,0.0082,,
ESTAT:NRG_PC_205_C(1.0),22/10/25 23:00:00,Annual,"Taxes, fees, levies and charges",Consumption from 20 MWh to 499 MWh - band IB,Euro,Austria,2017,0.0564,,
ESTAT:NRG_PC_205_C(1.0),22/10/25 23:00:00,Annual,"Taxes, fees, levies and charges",Consumption from 20 MWh to 499 MWh - band IB,Euro,Austria,2018,0.0548,,
ESTAT:NRG_PC_205_C(1.0),22/10/25 23:00:00,Annual,"Taxes, fees, levies and charges",Consumption from 20 MWh to 499 MWh - band IB,Euro,Austria,2019,0.0529,,
ESTAT:NRG_PC_205_C(1.0),22/10/25 23:00:00,Annual,"Taxes, fees, levies and charges",Consumption from 20 MWh to 499 MWh - band IB,Euro,Austria,2022,0.0500,,
ESTAT:NRG_PC_205_C(1.0),22/10/25 23:00:00,Annual,"Taxes, fees, levies and charges",Consumption from 20 MWh to 499 MWh - band IB,Euro,Austria,2023,0.0498,,
ESTAT:NRG_PC_205_C(1.0),22/10/25 23:00:00,Annual,"Taxes, fees, levies and charges",Consumption from 20 MWh to 499 MWh - band IB,Euro,Austria,2024,0.0462,,
ESTAT:NRG_PC_205_C(1.0),22/10/25 23:00:00,Annual,"Taxes, fees, levies and charges",Consumption from 20 MWh to 499 MWh - band IB,Euro,Belgium,2017,0.0767,,
ESTAT:NRG_PC_205_C(1.0),22/10/25 23:00:00,Annual,"Taxes, fees, levies and charges",Consumption from 20 MWh to 499 MWh - band IB,Euro,Belgium,2018,0.0706,,
ESTAT:NRG_PC_205_C(1.0),22/10/25 23:00:00,Annual,"Taxes, fees, levies and charges",Consumption from 20 MWh to 499 MWh - band IB,Euro,Belgium,2019,0.0719,,
ESTAT:NRG_PC_205_C(1.0),22/10/25 23:00:00,Annual,"Taxes, fees, levies and charges",Consumption from 20 MWh to 499 MWh - band IB,Euro,Belgium,2022,0.0981,,
ESTAT:NRG_PC_205_C(1.0),22/10/25 23:00:00,Annual,"Taxes, fees, levies and charges",Consumption from 20 MWh to 499 MWh - band IB,Euro,Belgium,2023,0.0938,,
ESTAT:NRG_PC_205_C(1.0),22/10/25 23:00:00,Annual,"Taxes, fees, levies and charges",Consumption from 20 MWh to 499 MWh - band IB,Euro,Belgium,2024,0.0866,,
ESTAT:NRG_PC_205_C(1.0),22/10/25 23:00:00,Annual,"Taxes, fees, levies and charges",Consumption from 20 MWh to 499 MWh - band IB,Euro,Germany,2019,0.1361,,
ESTAT:NRG_PC_205_C(1.0),22/10/25 23:00:00,Annual,"Taxes, fees, levies and charges",Consumption from 20 MWh to 499 MWh - band IB,Euro,Germany,2022,0.1008,,
ESTAT:NRG_PC_205_C(1.0),22/10/25 23:00:00,Annual,"Taxes, fees, levies and charges",Consumption from 20 MWh to 499 MWh - band IB,Euro,Germany,2023,0.0873,,
ESTAT:NRG_PC_205_C(1.0),22/10/25 23:00:00,Annual,"Taxes, fees, levies and charges",Consumption from 20 MWh to 499 MWh - band IB,Euro,Germany,2024,0.0931,,
ESTAT:NRG_PC_205_C(1.0),22/10/25 23:00:00,Annual,"Taxes, fees, levies and charges",Consumption from 20 MWh to 499 MWh - band IB,Euro,Denmark,2017,0.0783,,
ESTAT:NRG_PC_205_C(1.0),22/10/25 23:00:00,Annual,"Taxes, fees, levies and charges",Consumption from 20 MWh to 499 MWh - band IB,Euro,Denmark,2018,0.0732,,
ESTAT:NRG_PC_205_C(1.0),22/10/25 23:00:00,Annual,"Taxes, fees, levies and charges",Consumption from 20 MWh to 499 MWh - band IB,Euro,Denmark,2019,0.0593,,
ESTAT:NRG_PC_205_C(1.0),22/10/25 23:00:00,Annual,"Taxes, fees, levies and charges",Consumption from 20 MWh to 499 MWh - band IB,Euro,Denmark,2022,0.0874,,
ESTAT:NRG_PC_205_C(1.0),22/10/25 23:00:00,Annual,"Taxes, fees, levies and charges",Consumption from 20 MWh to 499 MWh - band IB,Euro,Denmark,2023,0.0519,,
ESTAT:NRG_PC_205_C(1.0),22/10/25 23:00:00,Annual,"Taxes, fees, levies and charges",Consumption from 20 MWh to 499 MWh - band IB,Euro,Denmark,2024,0.0608,,
ESTAT:NRG_PC_205_C(1.0),22/10/25 23:00:00,Annual,"Taxes, fees, levies and charges",Consumption from 20 MWh to 499 MWh - band IB,Euro,Spain,2017,0.0358,d,
ESTAT:NRG_PC_205_C(1.0),22/10/25 23:00:00,Annual,"Taxes, fees, levies and charges",Consumption from 20 MWh to 499 MWh - band IB,Euro,Spain,2018,0.0367,d,
ESTAT:NRG_PC_205_C(1.0),22/10/25 23:00:00,Annual,"Taxes, fees, levies and charges",Consumption from 20 MWh to 499 MWh - band IB,Euro,Spain,2019,0.0716,,
ESTAT:NRG_PC_205_C(1.0),22/10/25 23:00:00,Annual,"Taxes, fees, levies and charges",Consumption from 20 MWh to 499 MWh - band IB,Euro,Spain,2022,0.0664,,
ESTAT:NRG_PC_205_C(1.0),22/10/25 23:00:00,Annual,"Taxes, fees, levies and charges",Consumption from 20 MWh to 499 MWh - band IB,Euro,Spain,2023,0.0499,,
ESTAT:NRG_PC_205_C(1.0),22/10/25 23:00:00,Annual,"Taxes, fees, levies and charges",Consumption from 20 MWh to 499 MWh - band IB,Euro,Spain,2024,0.0554,,
ESTAT:NRG_PC_205_C(1.0),22/10/25 23:00:00,Annual,"Taxes, fees, levies and charges",Consumption from 20 MWh to 499 MWh - band IB,Euro,Finland,2017,0.0270,,
ESTAT:NRG_PC_205_C(1.0),22/10/25 23:00:00,Annual,"Taxes, fees, levies and charges",Consumption from 20 MWh to 499 MWh - band IB,Euro,Finland,2018,0.0274,,
ESTAT:NRG_PC_205_C(1.0),22/10/25 23:00:00,Annual,"Taxes, fees, levies and charges",Consumption from 20 MWh to 499 MWh - band IB,Euro,Finland,2019,0.0281,,
ESTAT:NRG_PC_205_C(1.0),22/10/25 23:00:00,Annual,"Taxes, fees, levies and charges",Consumption from 20 MWh to 499 MWh - band IB,Euro,Finland,2022,0.0264,,
ESTAT:NRG_PC_205_C(1.0),22/10/25 23:00:00,Annual,"Taxes, fees, levies and charges",Consumption from 20 MWh to 499 MWh - band IB,Euro,Finland,2023,0.0299,,
ESTAT:NRG_PC_205_C(1.0),22/10/25 23:00:00,Annual,"Taxes, fees, levies and charges",Consumption from 20 MWh to 499 MWh - band IB,Euro,Finland,2024,0.0273,,
ESTAT:NRG_PC_205_C(1.0),22/10/25 23:00:00,Annual,"Taxes, fees, levies and charges",Consumption from 20 MWh to 499 MWh - band IB,Euro,France,2017,0.0545,,
ESTAT:NRG_PC_205_C(1.0),22/10/25 23:00:00,Annual,"Taxes, fees, levies and charges",Consumption from 20 MWh to 499 MWh - band IB,Euro,France,2018,0.0540,,
ESTAT:NRG_PC_205_C(1.0),22/10/25 23:00:00,Annual,"Taxes, fees, levies and charges",Consumption from 20 MWh to 499 MWh - band IB,Euro,France,2019,0.0549,,
ESTAT:NRG_PC_205_C(1.0),22/10/25 23:00:00,Annual,"Taxes, fees, levies and charges",Consumption from 20 MWh to 499 MWh - band IB,Euro,France,2022,0.0382,,
ESTAT:NRG_PC_205_C(1.0),22/10/25 23:00:00,Annual,"Taxes, fees, levies and charges",Consumption from 20 MWh to 499 MWh - band IB,Euro,France,2023,0.0520,,
ESTAT:NRG_PC_205_C(1.0),22/10/25 23:00:00,Annual,"Taxes, fees, levies and charges",Consumption from 20 MWh to 499 MWh - band IB,Euro,France,2024,0.0623,,
ESTAT:NRG_PC_205_C(1.0),22/10/25 23:00:00,Annual,"Taxes, fees, levies and charges",Consumption from 20 MWh to 499 MWh - band IB,Euro,Ireland,2017,0.0384,,
ESTAT:NRG_PC_205_C(1.0),22/10/25 23:00:00,Annual,"Taxes, fees, levies and charges",Consumption from 20 MWh to 499 MWh - band IB,Euro,Ireland,2018,0.0376,,
ESTAT:NRG_PC_205_C(1.0),22/10/25 23:00:00,Annual,"Taxes, fees, levies and charges",Consumption from 20 MWh to 499 MWh - band IB,Euro,Ireland,2019,0.0284,,
ESTAT:NRG_PC_205_C(1.0),22/10/25 23:00:00,Annual,"Taxes, fees, levies and charges",Consumption from 20 MWh to 499 MWh - band IB,Euro,Ireland,2022,0.0372,,
ESTAT:NRG_PC_205_C(1.0),22/10/25 23:00:00,Annual,"Taxes, fees, levies and charges",Consumption from 20 MWh to 499 MWh - band IB,Euro,Ireland,2023,0.0217,,
ESTAT:NRG_PC_205_C(1.0),22/10/25 23:00:00,Annual,"Taxes, fees, levies and charges",Consumption from 20 MWh to 499 MWh - band IB,Euro,Ireland,2024,0.0298,,
ESTAT:NRG_PC_205_C(1.0),22/10/25 23:00:00,Annual,"Taxes, fees, levies and charges",Consumption from 20 MWh to 499 MWh - band IB,Euro,Italy,2017,0.1052,,
ESTAT:NRG_PC_205_C(1.0),22/10/25 23:00:00,Annual,"Taxes, fees, levies and charges",Consumption from 20 MWh to 499 MWh - band IB,Euro,Italy,2018,0.0964,,
ESTAT:NRG_PC_205_C(1.0),22/10/25 23:00:00,Annual,"Taxes, fees, levies and charges",Consumption from 20 MWh to 499 MWh - band IB,Euro,Italy,2019,0.1134,,
ESTAT:NRG_PC_205_C(1.0),22/10/25 23:00:00,Annual,"Taxes, fees, levies and charges",Consumption from 20 MWh to 499 MWh - band IB,Euro,Italy,2022,0.0803,,
ESTAT:NRG_PC_205_C(1.0),22/10/25 23:00:00,Annual,"Taxes, fees, levies and charges",Consumption from 20 MWh to 499 MWh - band IB,Euro,Italy,2023,0.1110,,
ESTAT:NRG_PC_205_C(1.0),22/10/25 23:00:00,Annual,"Taxes, fees, levies and charges",Consumption from 20 MWh to 499 MWh - band IB,Euro,Italy,2024,0.1258,,
ESTAT:NRG_PC_205_C(1.0),22/10/25 23:00:00,Annual,"Taxes, fees, levies and charges",Consumption from 20 MWh to 499 MWh - band IB,Euro,Netherlands,2017,0.0690,,
ESTAT:NRG_PC_205_C(1.0),22/10/25 23:00:00,Annual,"Taxes, fees, levies and charges",Consumption from 20 MWh to 499 MWh - band IB,Euro,Netherlands,2018,0.0800,,
ESTAT:NRG_PC_205_C(1.0),22/10/25 23:00:00,Annual,"Taxes, fees, levies and charges",Consumption from 20 MWh to 499 MWh - band IB,Euro,Netherlands,2019,0.0710,,
ESTAT:NRG_PC_205_C(1.0),22/10/25 23:00:00,Annual,"Taxes, fees, levies and charges",Consumption from 20 MWh to 499 MWh - band IB,Euro,Netherlands,2022,0.0777,,
ESTAT:NRG_PC_205_C(1.0),22/10/25 23:00:00,Annual,"Taxes, fees, levies and charges",Consumption from 20 MWh to 499 MWh - band IB,Euro,Netherlands,2023,0.1178,,
ESTAT:NRG_PC_205_C(1.0),22/10/25 23:00:00,Annual,"Taxes, fees, levies and charges",Consumption from 20 MWh to 499 MWh - band IB,Euro,Netherlands,2024,0.1117,,
ESTAT:NRG_PC_205_C(1.0),22/10/25 23:00:00,Annual,"Taxes, fees, levies and charges",Consumption from 20 MWh to 499 MWh - band IB,Euro,Norway,2017,0.0282,,
ESTAT:NRG_PC_205_C(1.0),22/10/25 23:00:00,Annual,"Taxes, fees, levies and charges",Consumption from 20 MWh to 499 MWh - band IB,Euro,Norway,2018,0.0312,,
ESTAT:NRG_PC_205_C(1.0),22/10/25 23:00:00,Annual,"Taxes, fees, levies and charges",Consumption from 20 MWh to 499 MWh - band IB,Euro,Norway,2019,0.0300,,
ESTAT:NRG_PC_205_C(1.0),22/10/25 23:00:00,Annual,"Taxes, fees, levies and charges",Consumption from 20 MWh to 499 MWh - band IB,Euro,Norway,2022,0.0516,,
ESTAT:NRG_PC_205_C(1.0),22/10/25 23:00:00,Annual,"Taxes, fees, levies and charges",Consumption from 20 MWh to 499 MWh - band IB,Euro,Norway,2023,0.0329,,
ESTAT:NRG_PC_205_C(1.0),22/10/25 23:00:00,Annual,"Taxes, fees, levies and charges",Consumption from 20 MWh to 499 MWh - band IB,Euro,Norway,2024,0.0291,,
ESTAT:NRG_PC_205_C(1.0),22/10/25 23:00:00,Annual,"Taxes, fees, levies and charges",Consumption from 20 MWh to 499 MWh - band IB,Euro,Poland,2017,0.0467,,
ESTAT:NRG_PC_205_C(1.0),22/10/25 23:00:00,Annual,"Taxes, fees, levies and charges",Consumption from 20 MWh to 499 MWh - band IB,Euro,Poland,2018,0.0488,,
ESTAT:NRG_PC_205_C(1.0),22/10/25 23:00:00,Annual,"Taxes, fees, levies and charges",Consumption from 20 MWh to 499 MWh - band IB,Euro,Poland,2019,0.0475,,
ESTAT:NRG_PC_205_C(1.0),22/10/25 23:00:00,Annual,"Taxes, fees, levies and charges",Consumption from 20 MWh to 499 MWh - band IB,Euro,Poland,2022,0.0771,,
ESTAT:NRG_PC_205_C(1.0),22/10/25 23:00:00,Annual,"Taxes, fees, levies and charges",Consumption from 20 MWh to 499 MWh - band IB,Euro,Poland,2023,0.1330,,
ESTAT:NRG_PC_205_C(1.0),22/10/25 23:00:00,Annual,"Taxes, fees, levies and charges",Consumption from 20 MWh to 499 MWh - band IB,Euro,Poland,2024,0.1383,,
ESTAT:NRG_PC_205_C(1.0),22/10/25 23:00:00,Annual,"Taxes, fees, levies and charges",Consumption from 20 MWh to 499 MWh - band IB,Euro,Sweden,2017,0.0237,,
ESTAT:NRG_PC_205_C(1.0),22/10/25 23:00:00,Annual,"Taxes, fees, levies and charges",Consumption from 20 MWh to 499 MWh - band IB,Euro,Sweden,2018,0.0244,,
ESTAT:NRG_PC_205_C(1.0),22/10/25 23:00:00,Annual,"Taxes, fees, levies and charges",Consumption from 20 MWh to 499 MWh - band IB,Euro,Sweden,2019,0.0254,,
ESTAT:NRG_PC_205_C(1.0),22/10/25 23:00:00,Annual,"Taxes, fees, levies and charges",Consumption from 20 MWh to 499 MWh - band IB,Euro,Sweden,2022,0.0375,,
ESTAT:NRG_PC_205_C(1.0),22/10/25 23:00:00,Annual,"Taxes, fees, levies and charges",Consumption from 20 MWh to 499 MWh - band IB,Euro,Sweden,2023,0.0281,,
ESTAT:NRG_PC_205_C(1.0),22/10/25 23:00:00,Annual,"Taxes, fees, levies and charges",Consumption from 20 MWh to 499 MWh - band IB,Euro,Sweden,2024,0.0270,,
ESTAT:NRG_PC_205_C(1.0),22/10/25 23:00:00,Annual,"Taxes, fees, levies and charges",Consumption from 20 MWh to 499 MWh - band IB,Euro,United Kingdom,2017,0.0583,,
ESTAT:NRG_PC_205_C(1.0),22/10/25 23:00:00,Annual,"Taxes, fees, levies and charges",Consumption from 20 MWh to 499 MWh - band IB,Euro,United Kingdom,2018,0.0652,,
ESTAT:NRG_PC_205_C(1.0),22/10/25 23:00:00,Annual,"Taxes, fees, levies and charges",Consumption from 20 MWh to 499 MWh - band IB,Euro,United Kingdom,2019,0.0793,,
ESTAT:NRG_PC_205_C(1.0),22/10/25 23:00:00,Annual,Nuclear taxes,Consumption from 20 MWh to 499 MWh - band IB,Euro,Austria,2017,0.0000,,
ESTAT:NRG_PC_205_C(1.0),22/10/25 23:00:00,Annual,Nuclear taxes,Consumption from 20 MWh to 499 MWh - band IB,Euro,Austria,2018,0.0000,,
ESTAT:NRG_PC_205_C(1.0),22/10/25 23:00:00,Annual,Nuclear taxes,Consumption from 20 MWh to 499 MWh - band IB,Euro,Austria,2019,0.0000,,
ESTAT:NRG_PC_205_C(1.0),22/10/25 23:00:00,Annual,Nuclear taxes,Consumption from 20 MWh to 499 MWh - band IB,Euro,Austria,2022,0.0000,,
ESTAT:NRG_PC_205_C(1.0),22/10/25 23:00:00,Annual,Nuclear taxes,Consumption from 20 MWh to 499 MWh - band IB,Euro,Austria,2023,0.0000,,
ESTAT:NRG_PC_205_C(1.0),22/10/25 23:00:00,Annual,Nuclear taxes,Consumption from 20 MWh to 499 MWh - band IB,Euro,Austria,2024,0.0000,,
ESTAT:NRG_PC_205_C(1.0),22/10/25 23:00:00,Annual,Nuclear taxes,Consumption from 20 MWh to 499 MWh - band IB,Euro,Belgium,2017,0.0009,e,
ESTAT:NRG_PC_205_C(1.0),22/10/25 23:00:00,Annual,Nuclear taxes,Consumption from 20 MWh to 499 MWh - band IB,Euro,Belgium,2018,0.0009,,
ESTAT:NRG_PC_205_C(1.0),22/10/25 23:00:00,Annual,Nuclear taxes,Consumption from 20 MWh to 499 MWh - band IB,Euro,Belgium,2019,0.0006,,
ESTAT:NRG_PC_205_C(1.0),22/10/25 23:00:00,Annual,Nuclear taxes,Consumption from 20 MWh to 499 MWh - band IB,Euro,Belgium,2022,0.0000,,
ESTAT:NRG_PC_205_C(1.0),22/10/25 23:00:00,Annual,Nuclear taxes,Consumption from 20 MWh to 499 MWh - band IB,Euro,Belgium,2023,0.0000,,
ESTAT:NRG_PC_205_C(1.0),22/10/25 23:00:00,Annual,Nuclear taxes,Consumption from 20 MWh to 499 MWh - band IB,Euro,Belgium,2024,0.0000,,
ESTAT:NRG_PC_205_C(1.0),22/10/25 23:00:00,Annual,Nuclear taxes,Consumption from 20 MWh to 499 MWh - band IB,Euro,Germany,2019,0.0000,,
ESTAT:NRG_PC_205_C(1.0),22/10/25 23:00:00,Annual,Nuclear taxes,Consumption from 20 MWh to 499 MWh - band IB,Euro,Germany,2024,0.0000,,
ESTAT:NRG_PC_205_C(1.0),22/10/25 23:00:00,Annual,Nuclear taxes,Consumption from 20 MWh to 499 MWh - band IB,Euro,Denmark,2017,0.0000,,
ESTAT:NRG_PC_205_C(1.0),22/10/25 23:00:00,Annual,Nuclear taxes,Consumption from 20 MWh to 499 MWh - band IB,Euro,Denmark,2018,0.0000,,
ESTAT:NRG_PC_205_C(1.0),22/10/25 23:00:00,Annual,Nuclear taxes,Consumption from 20 MWh to 499 MWh - band IB,Euro,Denmark,2019,0.0000,,
ESTAT:NRG_PC_205_C(1.0),22/10/25 23:00:00,Annual,Nuclear taxes,Consumption from 20 MWh to 499 MWh - band IB,Euro,Denmark,2022,0.0000,,
ESTAT:NRG_PC_205_C(1.0),22/10/25 23:00:00,Annual,Nuclear taxes,Consumption from 20 MWh to 499 MWh - band IB,Euro,Denmark,2024,0.0000,,
ESTAT:NRG_PC_205_C(1.0),22/10/25 23:00:00,Annual,Nuclear taxes,Consumption from 20 MWh to 499 MWh - band IB,Euro,Spain,2019,0.0000,,
ESTAT:NRG_PC_205_C(1.0),22/10/25 23:00:00,Annual,Nuclear taxes,Consumption from 20 MWh to 499 MWh - band IB,Euro,Spain,2022,0.0000,,
ESTAT:NRG_PC_205_C(1.0),22/10/25 23:00:00,Annual,Nuclear taxes,Consumption from 20 MWh to 499 MWh - band IB,Euro,Spain,2023,0.0000,,
ESTAT:NRG_PC_205_C(1.0),22/10/25 23:00:00,Annual,Nuclear taxes,Consumption from 20 MWh to 499 MWh - band IB,Euro,Spain,2024,0.0000,,
ESTAT:NRG_PC_205_C(1.0),22/10/25 23:00:00,Annual,Nuclear taxes,Consumption from 20 MWh to 499 MWh - band IB,Euro,Finland,2017,0.0000,,
ESTAT:NRG_PC_205_C(1.0),22/10/25 23:00:00,Annual,Nuclear taxes,Consumption from 20 MWh to 499 MWh - band IB,Euro,Finland,2018,0.0000,,
ESTAT:NRG_PC_205_C(1.0),22/10/25 23:00:00,Annual,Nuclear taxes,Consumption from 20 MWh to 499 MWh - band IB,Euro,Finland,2019,0.0000,,
ESTAT:NRG_PC_205_C(1.0),22/10/25 23:00:00,Annual,Nuclear taxes,Consumption from 20 MWh to 499 MWh - band IB,Euro,Finland,2022,0.0000,,
ESTAT:NRG_PC_205_C(1.0),22/10/25 23:00:00,Annual,Nuclear taxes,Consumption from 20 MWh to 499 MWh - band IB,Euro,Finland,2023,0.0000,,
ESTAT:NRG_PC_205_C(1.0),22/10/25 23:00:00,Annual,Nuclear taxes,Consumption from 20 MWh to 499 MWh - band IB,Euro,Finland,2024,0.0000,,
ESTAT:NRG_PC_205_C(1.0),22/10/25 23:00:00,Annual,Nuclear taxes,Consumption from 20 MWh to 499 MWh - band IB,Euro,France,2017,0.0000,,
ESTAT:NRG_PC_205_C(1.0),22/10/25 23:00:00,Annual,Nuclear taxes,Consumption from 20 MWh to 499 MWh - band IB,Euro,France,2018,0.0000,,
ESTAT:NRG_PC_205_C(1.0),22/10/25 23:00:00,Annual,Nuclear taxes,Consumption from 20 MWh to 499 MWh - band IB,Euro,France,2019,0.0000,,
ESTAT:NRG_PC_205_C(1.0),22/10/25 23:00:00,Annual,Nuclear taxes,Consumption from 20 MWh to 499 MWh - band IB,Euro,France,2023,0.0000,,
ESTAT:NRG_PC_205_C(1.0),22/10/25 23:00:00,Annual,Nuclear taxes,Consumption from 20 MWh to 499 MWh - band IB,Euro,France,2024,0.0000,,
ESTAT:NRG_PC_205_C(1.0),22/10/25 23:00:00,Annual,Nuclear taxes,Consumption from 20 MWh to 499 MWh - band IB,Euro,Ireland,2017,0.0000,,
ESTAT:NRG_PC_205_C(1.0),22/10/25 23:00:00,Annual,Nuclear taxes,Consumption from 20 MWh to 499 MWh - band IB,Euro,Ireland,2018,0.0000,,
ESTAT:NRG_PC_205_C(1.0),22/10/25 23:00:00,Annual,Nuclear taxes,Consumption from 20 MWh to 499 MWh - band IB,Euro,Ireland,2019,0.0000,,
ESTAT:NRG_PC_205_C(1.0),22/10/25 23:00:00,Annual,Nuclear taxes,Consumption from 20 MWh to 499 MWh - band IB,Euro,Ireland,2022,0.0000,,
ESTAT:NRG_PC_205_C(1.0),22/10/25 23:00:00,Annual,Nuclear taxes,Consumption from 20 MWh to 499 MWh - band IB,Euro,Ireland,2023,0.0000,,
ESTAT:NRG_PC_205_C(1.0),22/10/25 23:00:00,Annual,Nuclear taxes,Consumption from 20 MWh to 499 MWh - band IB,Euro,Ireland,2024,0.0000,,
ESTAT:NRG_PC_205_C(1.0),22/10/25 23:00:00,Annual,Nuclear taxes,Consumption from 20 MWh to 499 MWh - band IB,Euro,Italy,2019,0.0021,,
ESTAT:NRG_PC_205_C(1.0),22/10/25 23:00:00,Annual,Nuclear taxes,Consumption from 20 MWh to 499 MWh - band IB,Euro,Italy,2022,0.0000,,
ESTAT:NRG_PC_205_C(1.0),22/10/25 23:00:00,Annual,Nuclear taxes,Consumption from 20 MWh to 499 MWh - band IB,Euro,Italy,2023,0.0000,,
ESTAT:NRG_PC_205_C(1.0),22/10/25 23:00:00,Annual,Nuclear taxes,Consumption from 20 MWh to 499 MWh - band IB,Euro,Italy,2024,0.0000,,
ESTAT:NRG_PC_205_C(1.0),22/10/25 23:00:00,Annual,Nuclear taxes,Consumption from 20 MWh to 499 MWh - band IB,Euro,Netherlands,2017,0.0000,,
ESTAT:NRG_PC_205_C(1.0),22/10/25 23:00:00,Annual,Nuclear taxes,Consumption from 20 MWh to 499 MWh - band IB,Euro,Netherlands,2018,0.0000,,
ESTAT:NRG_PC_205_C(1.0),22/10/25 23:00:00,Annual,Nuclear taxes,Consumption from 20 MWh to 499 MWh - band IB,Euro,Netherlands,2019,0.0000,,
ESTAT:NRG_PC_205_C(1.0),22/10/25 23:00:00,Annual,Nuclear taxes,Consumption from 20 MWh to 499 MWh - band IB,Euro,Netherlands,2022,0.0000,,
ESTAT:NRG_PC_205_C(1.0),22/10/25 23:00:00,Annual,Nuclear taxes,Consumption from 20 MWh to 499 MWh - band IB,Euro,Netherlands,2023,0.0000,,
ESTAT:NRG_PC_205_C(1.0),22/10/25 23:00:00,Annual,Nuclear taxes,Consumption from 20 MWh to 499 MWh - band IB,Euro,Netherlands,2024,0.0000,,
ESTAT:NRG_PC_205_C(1.0),22/10/25 23:00:00,Annual,Nuclear taxes,Consumption from 20 MWh to 499 MWh - band IB,Euro,Norway,2017,0.0000,,
ESTAT:NRG_PC_205_C(1.0),22/10/25 23:00:00,Annual,Nuclear taxes,Consumption from 20 MWh to 499 MWh - band IB,Euro,Norway,2018,0.0000,,
ESTAT:NRG_PC_205_C(1.0),22/10/25 23:00:00,Annual,Nuclear taxes,Consumption from 20 MWh to 499 MWh - band IB,Euro,Norway,2019,0.0000,,
ESTAT:NRG_PC_205_C(1.0),22/10/25 23:00:00,Annual,Nuclear taxes,Consumption from 20 MWh to 499 MWh - band IB,Euro,Norway,2022,0.0000,,
ESTAT:NRG_PC_205_C(1.0),22/10/25 23:00:00,Annual,Nuclear taxes,Consumption from 20 MWh to 499 MWh - band IB,Euro,Norway,2024,0.0000,,
ESTAT:NRG_PC_205_C(1.0),22/10/25 23:00:00,Annual,Nuclear taxes,Consumption from 20 MWh to 499 MWh - band IB,Euro,Poland,2017,0.0000,,
ESTAT:NRG_PC_205_C(1.0),22/10/25 23:00:00,Annual,Nuclear taxes,Consumption from 20 MWh to 499 MWh - band IB,Euro,Poland,2018,0.0000,,
ESTAT:NRG_PC_205_C(1.0),22/10/25 23:00:00,Annual,Nuclear taxes,Consumption from 20 MWh to 499 MWh - band IB,Euro,Poland,2019,0.0000,,
ESTAT:NRG_PC_205_C(1.0),22/10/25 23:00:00,Annual,Nuclear taxes,Consumption from 20 MWh to 499 MWh - band IB,Euro,Poland,2022,0.0000,,
ESTAT:NRG_PC_205_C(1.0),22/10/25 23:00:00,Annual,Nuclear taxes,Consumption from 20 MWh to 499 MWh - band IB,Euro,Poland,2024,0.0000,,
ESTAT:NRG_PC_205_C(1.0),22/10/25 23:00:00,Annual,Nuclear taxes,Consumption from 20 MWh to 499 MWh - band IB,Euro,Sweden,2017,0.0000,,
ESTAT:NRG_PC_205_C(1.0),22/10/25 23:00:00,Annual,Nuclear taxes,Consumption from 20 MWh to 499 MWh - band IB,Euro,Sweden,2018,0.0000,,
ESTAT:NRG_PC_205_C(1.0),22/10/25 23:00:00,Annual,Nuclear taxes,Consumption from 20 MWh to 499 MWh - band IB,Euro,Sweden,2019,0.0000,,
ESTAT:NRG_PC_205_C(1.0),22/10/25 23:00:00,Annual,Nuclear taxes,Consumption from 20 MWh to 499 MWh - band IB,Euro,Sweden,2023,0.0000,,
ESTAT:NRG_PC_205_C(1.0),22/10/25 23:00:00,Annual,Nuclear taxes,Consumption from 20 MWh to 499 MWh - band IB,Euro,Sweden,2024,0.0000,,
ESTAT:NRG_PC_205_C(1.0),22/10/25 23:00:00,Annual,Nuclear taxes,Consumption from 20 MWh to 499 MWh - band IB,Euro,United Kingdom,2017,0.0000,,
ESTAT:NRG_PC_205_C(1.0),22/10/25 23:00:00,Annual,Nuclear taxes,Consumption from 20 MWh to 499 MWh - band IB,Euro,United Kingdom,2018,0.0000,,
ESTAT:NRG_PC_205_C(1.0),22/10/25 23:00:00,Annual,Nuclear taxes,Consumption from 20 MWh to 499 MWh - band IB,Euro,United Kingdom,2019,0.0000,,
ESTAT:NRG_PC_205_C(1.0),22/10/25 23:00:00,Annual,Renewable taxes,Consumption from 20 MWh to 499 MWh - band IB,Euro,Austria,2017,0.0158,,
ESTAT:NRG_PC_205_C(1.0),22/10/25 23:00:00,Annual,Renewable taxes,Consumption from 20 MWh to 499 MWh - band IB,Euro,Austria,2018,0.0142,,
ESTAT:NRG_PC_205_C(1.0),22/10/25 23:00:00,Annual,Renewable taxes,Consumption from 20 MWh to 499 MWh - band IB,Euro,Austria,2019,0.0114,,
ESTAT:NRG_PC_205_C(1.0),22/10/25 23:00:00,Annual,Renewable taxes,Consumption from 20 MWh to 499 MWh - band IB,Euro,Austria,2022,0.0044,,
ESTAT:NRG_PC_205_C(1.0),22/10/25 23:00:00,Annual,Renewable taxes,Consumption from 20 MWh to 499 MWh - band IB,Euro,Austria,2023,0.0003,,
ESTAT:NRG_PC_205_C(1.0),22/10/25 23:00:00,Annual,Renewable taxes,Consumption from 20 MWh to 499 MWh - band IB,Euro,Austria,2024,0.0000,,
ESTAT:NRG_PC_205_C(1.0),22/10/25 23:00:00,Annual,Renewable taxes,Consumption from 20 MWh to 499 MWh - band IB,Euro,Belgium,2017,0.0093,e,
ESTAT:NRG_PC_205_C(1.0),22/10/25 23:00:00,Annual,Renewable taxes,Consumption from 20 MWh to 499 MWh - band IB,Euro,Belgium,2018,0.0315,,
ESTAT:NRG_PC_205_C(1.0),22/10/25 23:00:00,Annual,Renewable taxes,Consumption from 20 MWh to 499 MWh - band IB,Euro,Belgium,2019,0.0345,,
ESTAT:NRG_PC_205_C(1.0),22/10/25 23:00:00,Annual,Renewable taxes,Consumption from 20 MWh to 499 MWh - band IB,Euro,Belgium,2022,0.0278,,
ESTAT:NRG_PC_205_C(1.0),22/10/25 23:00:00,Annual,Renewable taxes,Consumption from 20 MWh to 499 MWh - band IB,Euro,Belgium,2023,0.0293,,
ESTAT:NRG_PC_205_C(1.0),22/10/25 23:00:00,Annual,Renewable taxes,Consumption from 20 MWh to 499 MWh - band IB,Euro,Belgium,2024,0.0273,,
ESTAT:NRG_PC_205_C(1.0),22/10/25 23:00:00,Annual,Renewable taxes,Consumption from 20 MWh to 499 MWh - band IB,Euro,Germany,2019,0.0669,,
ESTAT:NRG_PC_205_C(1.0),22/10/25 23:00:00,Annual,Renewable taxes,Consumption from 20 MWh to 499 MWh - band IB,Euro,Germany,2022,0.0230,,
ESTAT:NRG_PC_205_C(1.0),22/10/25 23:00:00,Annual,Renewable taxes,Consumption from 20 MWh to 499 MWh - band IB,Euro,Germany,2023,0.0036,,
ESTAT:NRG_PC_205_C(1.0),22/10/25 23:00:00,Annual,Renewable taxes,Consumption from 20 MWh to 499 MWh - band IB,Euro,Germany,2024,0.0027,,
ESTAT:NRG_PC_205_C(1.0),22/10/25 23:00:00,Annual,Renewable taxes,Consumption from 20 MWh to 499 MWh - band IB,Euro,Denmark,2017,0.0221,,
ESTAT:NRG_PC_205_C(1.0),22/10/25 23:00:00,Annual,Renewable taxes,Consumption from 20 MWh to 499 MWh - band IB,Euro,Denmark,2018,0.0168,,
ESTAT:NRG_PC_205_C(1.0),22/10/25 23:00:00,Annual,Renewable taxes,Consumption from 20 MWh to 499 MWh - band IB,Euro,Denmark,2019,0.0065,,
ESTAT:NRG_PC_205_C(1.0),22/10/25 23:00:00,Annual,Renewable taxes,Consumption from 20 MWh to 499 MWh - band IB,Euro,Denmark,2022,0.0010,,
ESTAT:NRG_PC_205_C(1.0),22/10/25 23:00:00,Annual,Renewable taxes,Consumption from 20 MWh to 499 MWh - band IB,Euro,Denmark,2023,0.0010,,
ESTAT:NRG_PC_205_C(1.0),22/10/25 23:00:00,Annual,Renewable taxes,Consumption from 20 MWh to 499 MWh - band IB,Euro,Denmark,2024,0.0010,,
ESTAT:NRG_PC_205_C(1.0),22/10/25 23:00:00,Annual,Renewable taxes,Consumption from 20 MWh to 499 MWh - band IB,Euro,Spain,2019,0.0180,,
ESTAT:NRG_PC_205_C(1.0),22/10/25 23:00:00,Annual,Renewable taxes,Consumption from 20 MWh to 499 MWh - band IB,Euro,Spain,2022,0.0075,,
ESTAT:NRG_PC_205_C(1.0),22/10/25 23:00:00,Annual,Renewable taxes,Consumption from 20 MWh to 499 MWh - band IB,Euro,Spain,2023,0.0040,,
ESTAT:NRG_PC_205_C(1.0),22/10/25 23:00:00,Annual,Renewable taxes,Consumption from 20 MWh to 499 MWh - band IB,Euro,Spain,2024,0.0024,,
ESTAT:NRG_PC_205_C(1.0),22/10/25 23:00:00,Annual,Renewable taxes,Consumption from 20 MWh to 499 MWh - band IB,Euro,Finland,2017,0.0000,,
ESTAT:NRG_PC_205_C(1.0),22/10/25 23:00:00,Annual,Renewable taxes,Consumption from 20 MWh to 499 MWh - band IB,Euro,Finland,2018,0.0000,,
ESTAT:NRG_PC_205_C(1.0),22/10/25 23:00:00,Annual,Renewable taxes,Consumption from 20 MWh to 499 MWh - band IB,Euro,Finland,2019,0.0000,,
ESTAT:NRG_PC_205_C(1.0),22/10/25 23:00:00,Annual,Renewable taxes,Consumption from 20 MWh to 499 MWh - band IB,Euro,Finland,2022,0.0000,,
ESTAT:NRG_PC_205_C(1.0),22/10/25 23:00:00,Annual,Renewable taxes,Consumption from 20 MWh to 499 MWh - band IB,Euro,Finland,2023,0.0000,,
ESTAT:NRG_PC_205_C(1.0),22/10/25 23:00:00,Annual,Renewable taxes,Consumption from 20 MWh to 499 MWh - band IB,Euro,Finland,2024,0.0000,,
ESTAT:NRG_PC_205_C(1.0),22/10/25 23:00:00,Annual,Renewable taxes,Consumption from 20 MWh to 499 MWh - band IB,Euro,France,2017,0.0000,,
ESTAT:NRG_PC_205_C(1.0),22/10/25 23:00:00,Annual,Renewable taxes,Consumption from 20 MWh to 499 MWh - band IB,Euro,France,2018,0.0000,,
ESTAT:NRG_PC_205_C(1.0),22/10/25 23:00:00,Annual,Renewable taxes,Consumption from 20 MWh to 499 MWh - band IB,Euro,France,2019,0.0000,,
ESTAT:NRG_PC_205_C(1.0),22/10/25 23:00:00,Annual,Renewable taxes,Consumption from 20 MWh to 499 MWh - band IB,Euro,France,2023,0.0000,,
ESTAT:NRG_PC_205_C(1.0),22/10/25 23:00:00,Annual,Renewable taxes,Consumption from 20 MWh to 499 MWh - band IB,Euro,France,2024,0.0000,,
ESTAT:NRG_PC_205_C(1.0),22/10/25 23:00:00,Annual,Renewable taxes,Consumption from 20 MWh to 499 MWh - band IB,Euro,Ireland,2017,0.0108,,
ESTAT:NRG_PC_205_C(1.0),22/10/25 23:00:00,Annual,Renewable taxes,Consumption from 20 MWh to 499 MWh - band IB,Euro,Ireland,2018,0.0099,,
ESTAT:NRG_PC_205_C(1.0),22/10/25 23:00:00,Annual,Renewable taxes,Consumption from 20 MWh to 499 MWh - band IB,Euro,Ireland,2019,0.0040,,
ESTAT:NRG_PC_205_C(1.0),22/10/25 23:00:00,Annual,Renewable taxes,Consumption from 20 MWh to 499 MWh - band IB,Euro,Ireland,2022,0.0053,,
ESTAT:NRG_PC_205_C(1.0),22/10/25 23:00:00,Annual,Renewable taxes,Consumption from 20 MWh to 499 MWh - band IB,Euro,Ireland,2023,-0.0107,,
ESTAT:NRG_PC_205_C(1.0),22/10/25 23:00:00,Annual,Renewable taxes,Consumption from 20 MWh to 499 MWh - band IB,Euro,Ireland,2024,0.0010,,
ESTAT:NRG_PC_205_C(1.0),22/10/25 23:00:00,Annual,Renewable taxes,Consumption from 20 MWh to 499 MWh - band IB,Euro,Italy,2019,0.0600,,
ESTAT:NRG_PC_205_C(1.0),22/10/25 23:00:00,Annual,Renewable taxes,Consumption from 20 MWh to 499 MWh - band IB,Euro,Italy,2022,0.0028,,
ESTAT:NRG_PC_205_C(1.0),22/10/25 23:00:00,Annual,Renewable taxes,Consumption from 20 MWh to 499 MWh - band IB,Euro,Italy,2023,0.0353,,
ESTAT:NRG_PC_205_C(1.0),22/10/25 23:00:00,Annual,Renewable taxes,Consumption from 20 MWh to 499 MWh - band IB,Euro,Italy,2024,0.0466,,
ESTAT:NRG_PC_205_C(1.0),22/10/25 23:00:00,Annual,Renewable taxes,Consumption from 20 MWh to 499 MWh - band IB,Euro,Netherlands,2017,0.0000,,
ESTAT:NRG_PC_205_C(1.0),22/10/25 23:00:00,Annual,Renewable taxes,Consumption from 20 MWh to 499 MWh - band IB,Euro,Netherlands,2018,0.0000,,
ESTAT:NRG_PC_205_C(1.0),22/10/25 23:00:00,Annual,Renewable taxes,Consumption from 20 MWh to 499 MWh - band IB,Euro,Netherlands,2019,0.0000,,
ESTAT:NRG_PC_205_C(1.0),22/10/25 23:00:00,Annual,Renewable taxes,Consumption from 20 MWh to 499 MWh - band IB,Euro,Netherlands,2022,0.0000,,
ESTAT:NRG_PC_205_C(1.0),22/10/25 23:00:00,Annual,Renewable taxes,Consumption from 20 MWh to 499 MWh - band IB,Euro,Netherlands,2023,0.0000,,
ESTAT:NRG_PC_205_C(1.0),22/10/25 23:00:00,Annual,Renewable taxes,Consumption from 20 MWh to 499 MWh - band IB,Euro,Netherlands,2024,0.0000,,
ESTAT:NRG_PC_205_C(1.0),22/10/25 23:00:00,Annual,Renewable taxes,Consumption from 20 MWh to 499 MWh - band IB,Euro,Norway,2017,0.0000,,
ESTAT:NRG_PC_205_C(1.0),22/10/25 23:00:00,Annual,Renewable taxes,Consumption from 20 MWh to 499 MWh - band IB,Euro,Norway,2018,0.0000,,
ESTAT:NRG_PC_205_C(1.0),22/10/25 23:00:00,Annual,Renewable taxes,Consumption from 20 MWh to 499 MWh - band IB,Euro,Norway,2019,0.0000,,
ESTAT:NRG_PC_205_C(1.0),22/10/25 23:00:00,Annual,Renewable taxes,Consumption from 20 MWh to 499 MWh - band IB,Euro,Norway,2022,0.0000,,
ESTAT:NRG_PC_205_C(1.0),22/10/25 23:00:00,Annual,Renewable taxes,Consumption from 20 MWh to 499 MWh - band IB,Euro,Norway,2024,0.0000,,
ESTAT:NRG_PC_205_C(1.0),22/10/25 23:00:00,Annual,Renewable taxes,Consumption from 20 MWh to 499 MWh - band IB,Euro,Poland,2017,0.0073,,
ESTAT:NRG_PC_205_C(1.0),22/10/25 23:00:00,Annual,Renewable taxes,Consumption from 20 MWh to 499 MWh - band IB,Euro,Poland,2018,0.0063,,
ESTAT:NRG_PC_205_C(1.0),22/10/25 23:00:00,Annual,Renewable taxes,Consumption from 20 MWh to 499 MWh - band IB,Euro,Poland,2019,0.0050,,
ESTAT:NRG_PC_205_C(1.0),22/10/25 23:00:00,Annual,Renewable taxes,Consumption from 20 MWh to 499 MWh - band IB,Euro,Poland,2022,0.0080,,
ESTAT:NRG_PC_205_C(1.0),22/10/25 23:00:00,Annual,Renewable taxes,Consumption from 20 MWh to 499 MWh - band IB,Euro,Poland,2023,0.0062,,
ESTAT:NRG_PC_205_C(1.0),22/10/25 23:00:00,Annual,Renewable taxes,Consumption from 20 MWh to 499 MWh - band IB,Euro,Poland,2024,0.0029,,
ESTAT:NRG_PC_205_C(1.0),22/10/25 23:00:00,Annual,Renewable taxes,Consumption from 20 MWh to 499 MWh - band IB,Euro,Sweden,2017,0.0037,,
ESTAT:NRG_PC_205_C(1.0),22/10/25 23:00:00,Annual,Renewable taxes,Consumption from 20 MWh to 499 MWh - band IB,Euro,Sweden,2018,0.0035,,
ESTAT:NRG_PC_205_C(1.0),22/10/25 23:00:00,Annual,Renewable taxes,Consumption from 20 MWh to 499 MWh - band IB,Euro,Sweden,2019,0.0034,,
ESTAT:NRG_PC_205_C(1.0),22/10/25 23:00:00,Annual,Renewable taxes,Consumption from 20 MWh to 499 MWh - band IB,Euro,Sweden,2022,0.0002,,
ESTAT:NRG_PC_205_C(1.0),22/10/25 23:00:00,Annual,Renewable taxes,Consumption from 20 MWh to 499 MWh - band IB,Euro,Sweden,2023,0.0002,,
ESTAT:NRG_PC_205_C(1.0),22/10/25 23:00:00,Annual,Renewable taxes,Consumption from 20 MWh to 499 MWh - band IB,Euro,Sweden,2024,0.0002,,
ESTAT:NRG_PC_205_C(1.0),22/10/25 23:00:00,Annual,Renewable taxes,Consumption from 20 MWh to 499 MWh - band IB,Euro,United Kingdom,2017,0.0179,,
ESTAT:NRG_PC_205_C(1.0),22/10/25 23:00:00,Annual,Renewable taxes,Consumption from 20 MWh to 499 MWh - band IB,Euro,United Kingdom,2018,0.0198,,
ESTAT:NRG_PC_205_C(1.0),22/10/25 23:00:00,Annual,Renewable taxes,Consumption from 20 MWh to 499 MWh - band IB,Euro,United Kingdom,2019,0.0209,,
ESTAT:NRG_PC_205_C(1.0),22/10/25 23:00:00,Annual,Value added tax (VAT),Consumption from 20 MWh to 499 MWh - band IB,Euro,Austria,2017,0.0244,,
ESTAT:NRG_PC_205_C(1.0),22/10/25 23:00:00,Annual,Value added tax (VAT),Consumption from 20 MWh to 499 MWh - band IB,Euro,Austria,2018,0.0245,,
ESTAT:NRG_PC_205_C(1.0),22/10/25 23:00:00,Annual,Value added tax (VAT),Consumption from 20 MWh to 499 MWh - band IB,Euro,Austria,2019,0.0252,,
ESTAT:NRG_PC_205_C(1.0),22/10/25 23:00:00,Annual,Value added tax (VAT),Consumption from 20 MWh to 499 MWh - band IB,Euro,Austria,2022,0.0354,e,
ESTAT:NRG_PC_205_C(1.0),22/10/25 23:00:00,Annual,Value added tax (VAT),Consumption from 20 MWh to 499 MWh - band IB,Euro,Austria,2023,0.0523,e,
ESTAT:NRG_PC_205_C(1.0),22/10/25 23:00:00,Annual,Value added tax (VAT),Consumption from 20 MWh to 499 MWh - band IB,Euro,Austria,2024,0.0457,,
ESTAT:NRG_PC_205_C(1.0),22/10/25 23:00:00,Annual,Value added tax (VAT),Consumption from 20 MWh to 499 MWh - band IB,Euro,Belgium,2017,0.0316,,
ESTAT:NRG_PC_205_C(1.0),22/10/25 23:00:00,Annual,Value added tax (VAT),Consumption from 20 MWh to 499 MWh - band IB,Euro,Belgium,2018,0.0301,,
ESTAT:NRG_PC_205_C(1.0),22/10/25 23:00:00,Annual,Value added tax (VAT),Consumption from 20 MWh to 499 MWh - band IB,Euro,Belgium,2019,0.0321,,
ESTAT:NRG_PC_205_C(1.0),22/10/25 23:00:00,Annual,Value added tax (VAT),Consumption from 20 MWh to 499 MWh - band IB,Euro,Belgium,2022,0.0550,,
ESTAT:NRG_PC_205_C(1.0),22/10/25 23:00:00,Annual,Value added tax (VAT),Consumption from 20 MWh to 499 MWh - band IB,Euro,Belgium,2023,0.0518,,
ESTAT:NRG_PC_205_C(1.0),22/10/25 23:00:00,Annual,Value added tax (VAT),Consumption from 20 MWh to 499 MWh - band IB,Euro,Belgium,2024,0.0438,,
ESTAT:NRG_PC_205_C(1.0),22/10/25 23:00:00,Annual,Value added tax (VAT),Consumption from 20 MWh to 499 MWh - band IB,Euro,Germany,2019,0.0356,,
ESTAT:NRG_PC_205_C(1.0),22/10/25 23:00:00,Annual,Value added tax (VAT),Consumption from 20 MWh to 499 MWh - band IB,Euro,Germany,2022,0.0436,,
ESTAT:NRG_PC_205_C(1.0),22/10/25 23:00:00,Annual,Value added tax (VAT),Consumption from 20 MWh to 499 MWh - band IB,Euro,Germany,2023,0.0479,,
ESTAT:NRG_PC_205_C(1.0),22/10/25 23:00:00,Annual,Value added tax (VAT),Consumption from 20 MWh to 499 MWh - band IB,Euro,Germany,2024,0.0517,,
ESTAT:NRG_PC_205_C(1.0),22/10/25 23:00:00,Annual,Value added tax (VAT),Consumption from 20 MWh to 499 MWh - band IB,Euro,Denmark,2017,0.0557,,
ESTAT:NRG_PC_205_C(1.0),22/10/25 23:00:00,Annual,Value added tax (VAT),Consumption from 20 MWh to 499 MWh - band IB,Euro,Denmark,2018,0.0559,,
ESTAT:NRG_PC_205_C(1.0),22/10/25 23:00:00,Annual,Value added tax (VAT),Consumption from 20 MWh to 499 MWh - band IB,Euro,Denmark,2019,0.0523,,
ESTAT:NRG_PC_205_C(1.0),22/10/25 23:00:00,Annual,Value added tax (VAT),Consumption from 20 MWh to 499 MWh - band IB,Euro,Denmark,2022,0.0859,,
ESTAT:NRG_PC_205_C(1.0),22/10/25 23:00:00,Annual,Value added tax (VAT),Consumption from 20 MWh to 499 MWh - band IB,Euro,Denmark,2023,0.0504,,
ESTAT:NRG_PC_205_C(1.0),22/10/25 23:00:00,Annual,Value added tax (VAT),Consumption from 20 MWh to 499 MWh - band IB,Euro,Denmark,2024,0.0591,,
ESTAT:NRG_PC_205_C(1.0),22/10/25 23:00:00,Annual,Value added tax (VAT),Consumption from 20 MWh to 499 MWh - band IB,Euro,Spain,2017,0.0291,d,
ESTAT:NRG_PC_205_C(1.0),22/10/25 23:00:00,Annual,Value added tax (VAT),Consumption from 20 MWh to 499 MWh - band IB,Euro,Spain,2018,0.0298,d,
ESTAT:NRG_PC_205_C(1.0),22/10/25 23:00:00,Annual,Value added tax (VAT),Consumption from 20 MWh to 499 MWh - band IB,Euro,Spain,2019,0.0302,,
ESTAT:NRG_PC_205_C(1.0),22/10/25 23:00:00,Annual,Value added tax (VAT),Consumption from 20 MWh to 499 MWh - band IB,Euro,Spain,2022,0.0419,,
ESTAT:NRG_PC_205_C(1.0),22/10/25 23:00:00,Annual,Value added tax (VAT),Consumption from 20 MWh to 499 MWh - band IB,Euro,Spain,2023,0.0389,,
ESTAT:NRG_PC_205_C(1.0),22/10/25 23:00:00,Annual,Value added tax (VAT),Consumption from 20 MWh to 499 MWh - band IB,Euro,Spain,2024,0.0336,,
ESTAT:NRG_PC_205_C(1.0),22/10/25 23:00:00,Annual,Value added tax (VAT),Consumption from 20 MWh to 499 MWh - band IB,Euro,Finland,2017,0.0200,,
ESTAT:NRG_PC_205_C(1.0),22/10/25 23:00:00,Annual,Value added tax (VAT),Consumption from 20 MWh to 499 MWh - band IB,Euro,Finland,2018,0.0204,,
ESTAT:NRG_PC_205_C(1.0),22/10/25 23:00:00,Annual,Value added tax (VAT),Consumption from 20 MWh to 499 MWh - band IB,Euro,Finland,2019,0.0211,,
ESTAT:NRG_PC_205_C(1.0),22/10/25 23:00:00,Annual,Value added tax (VAT),Consumption from 20 MWh to 499 MWh - band IB,Euro,Finland,2022,0.0258,,
ESTAT:NRG_PC_205_C(1.0),22/10/25 23:00:00,Annual,Value added tax (VAT),Consumption from 20 MWh to 499 MWh - band IB,Euro,Finland,2023,0.0292,,
ESTAT:NRG_PC_205_C(1.0),22/10/25 23:00:00,Annual,Value added tax (VAT),Consumption from 20 MWh to 499 MWh - band IB,Euro,Finland,2024,0.0267,,
ESTAT:NRG_PC_205_C(1.0),22/10/25 23:00:00,Annual,Value added tax (VAT),Consumption from 20 MWh to 499 MWh - band IB,Euro,France,2017,0.0238,,
ESTAT:NRG_PC_205_C(1.0),22/10/25 23:00:00,Annual,Value added tax (VAT),Consumption from 20 MWh to 499 MWh - band IB,Euro,France,2018,0.0242,,
ESTAT:NRG_PC_205_C(1.0),22/10/25 23:00:00,Annual,Value added tax (VAT),Consumption from 20 MWh to 499 MWh - band IB,Euro,France,2019,0.0252,,
ESTAT:NRG_PC_205_C(1.0),22/10/25 23:00:00,Annual,Value added tax (VAT),Consumption from 20 MWh to 499 MWh - band IB,Euro,France,2022,0.0277,,
ESTAT:NRG_PC_205_C(1.0),22/10/25 23:00:00,Annual,Value added tax (VAT),Consumption from 20 MWh to 499 MWh - band IB,Euro,France,2023,0.0483,,
ESTAT:NRG_PC_205_C(1.0),22/10/25 23:00:00,Annual,Value added tax (VAT),Consumption from 20 MWh to 499 MWh - band IB,Euro,France,2024,0.0413,,
ESTAT:NRG_PC_205_C(1.0),22/10/25 23:00:00,Annual,Value added tax (VAT),Consumption from 20 MWh to 499 MWh - band IB,Euro,Ireland,2017,0.0202,,
ESTAT:NRG_PC_205_C(1.0),22/10/25 23:00:00,Annual,Value added tax (VAT),Consumption from 20 MWh to 499 MWh - band IB,Euro,Ireland,2018,0.0212,,
ESTAT:NRG_PC_205_C(1.0),22/10/25 23:00:00,Annual,Value added tax (VAT),Consumption from 20 MWh to 499 MWh - band IB,Euro,Ireland,2019,0.0214,,
ESTAT:NRG_PC_205_C(1.0),22/10/25 23:00:00,Annual,Value added tax (VAT),Consumption from 20 MWh to 499 MWh - band IB,Euro,Ireland,2022,0.0278,,
ESTAT:NRG_PC_205_C(1.0),22/10/25 23:00:00,Annual,Value added tax (VAT),Consumption from 20 MWh to 499 MWh - band IB,Euro,Ireland,2023,0.0286,,
ESTAT:NRG_PC_205_C(1.0),22/10/25 23:00:00,Annual,Value added tax (VAT),Consumption from 20 MWh to 499 MWh - band IB,Euro,Ireland,2024,0.0273,,
ESTAT:NRG_PC_205_C(1.0),22/10/25 23:00:00,Annual,Value added tax (VAT),Consumption from 20 MWh to 499 MWh - band IB,Euro,Italy,2017,0.0318,d,
ESTAT:NRG_PC_205_C(1.0),22/10/25 23:00:00,Annual,Value added tax (VAT),Consumption from 20 MWh to 499 MWh - band IB,Euro,Italy,2018,0.0318,d,
ESTAT:NRG_PC_205_C(1.0),22/10/25 23:00:00,Annual,Value added tax (VAT),Consumption from 20 MWh to 499 MWh - band IB,Euro,Italy,2019,0.0347,,
ESTAT:NRG_PC_205_C(1.0),22/10/25 23:00:00,Annual,Value added tax (VAT),Consumption from 20 MWh to 499 MWh - band IB,Euro,Italy,2022,0.0600,,
ESTAT:NRG_PC_205_C(1.0),22/10/25 23:00:00,Annual,Value added tax (VAT),Consumption from 20 MWh to 499 MWh - band IB,Euro,Italy,2023,0.0522,,
ESTAT:NRG_PC_205_C(1.0),22/10/25 23:00:00,Annual,Value added tax (VAT),Consumption from 20 MWh to 499 MWh - band IB,Euro,Italy,2024,0.0499,,
ESTAT:NRG_PC_205_C(1.0),22/10/25 23:00:00,Annual,Value added tax (VAT),Consumption from 20 MWh to 499 MWh - band IB,Euro,Netherlands,2017,0.0270,,
ESTAT:NRG_PC_205_C(1.0),22/10/25 23:00:00,Annual,Value added tax (VAT),Consumption from 20 MWh to 499 MWh - band IB,Euro,Netherlands,2018,0.0290,,
ESTAT:NRG_PC_205_C(1.0),22/10/25 23:00:00,Annual,Value added tax (VAT),Consumption from 20 MWh to 499 MWh - band IB,Euro,Netherlands,2019,0.0290,,
ESTAT:NRG_PC_205_C(1.0),22/10/25 23:00:00,Annual,Value added tax (VAT),Consumption from 20 MWh to 499 MWh - band IB,Euro,Netherlands,2022,0.0317,,
ESTAT:NRG_PC_205_C(1.0),22/10/25 23:00:00,Annual,Value added tax (VAT),Consumption from 20 MWh to 499 MWh - band IB,Euro,Netherlands,2023,0.0596,,
ESTAT:NRG_PC_205_C(1.0),22/10/25 23:00:00,Annual,Value added tax (VAT),Consumption from 20 MWh to 499 MWh - band IB,Euro,Netherlands,2024,0.0563,,
ESTAT:NRG_PC_205_C(1.0),22/10/25 23:00:00,Annual,Value added tax (VAT),Consumption from 20 MWh to 499 MWh - band IB,Euro,Norway,2017,0.0177,,
ESTAT:NRG_PC_205_C(1.0),22/10/25 23:00:00,Annual,Value added tax (VAT),Consumption from 20 MWh to 499 MWh - band IB,Euro,Norway,2018,0.0208,,
ESTAT:NRG_PC_205_C(1.0),22/10/25 23:00:00,Annual,Value added tax (VAT),Consumption from 20 MWh to 499 MWh - band IB,Euro,Norway,2019,0.0200,,
ESTAT:NRG_PC_205_C(1.0),22/10/25 23:00:00,Annual,Value added tax (VAT),Consumption from 20 MWh to 499 MWh - band IB,Euro,Norway,2022,0.0419,,
ESTAT:NRG_PC_205_C(1.0),22/10/25 23:00:00,Annual,Value added tax (VAT),Consumption from 20 MWh to 499 MWh - band IB,Euro,Norway,2023,0.0243,,
ESTAT:NRG_PC_205_C(1.0),22/10/25 23:00:00,Annual,Value added tax (VAT),Consumption from 20 MWh to 499 MWh - band IB,Euro,Norway,2024,0.0207,,
ESTAT:NRG_PC_205_C(1.0),22/10/25 23:00:00,Annual,Value added tax (VAT),Consumption from 20 MWh to 499 MWh - band IB,Euro,Poland,2017,0.0261,,
ESTAT:NRG_PC_205_C(1.0),22/10/25 23:00:00,Annual,Value added tax (VAT),Consumption from 20 MWh to 499 MWh - band IB,Euro,Poland,2018,0.0260,,
ESTAT:NRG_PC_205_C(1.0),22/10/25 23:00:00,Annual,Value added tax (VAT),Consumption from 20 MWh to 499 MWh - band IB,Euro,Poland,2019,0.0265,,
ESTAT:NRG_PC_205_C(1.0),22/10/25 23:00:00,Annual,Value added tax (VAT),Consumption from 20 MWh to 499 MWh - band IB,Euro,Poland,2022,0.0170,,
ESTAT:NRG_PC_205_C(1.0),22/10/25 23:00:00,Annual,Value added tax (VAT),Consumption from 20 MWh to 499 MWh - band IB,Euro,Poland,2023,0.0575,,
ESTAT:NRG_PC_205_C(1.0),22/10/25 23:00:00,Annual,Value added tax (VAT),Consumption from 20 MWh to 499 MWh - band IB,Euro,Poland,2024,0.0595,,
ESTAT:NRG_PC_205_C(1.0),22/10/25 23:00:00,Annual,Value added tax (VAT),Consumption from 20 MWh to 499 MWh - band IB,Euro,Sweden,2017,0.0195,,
ESTAT:NRG_PC_205_C(1.0),22/10/25 23:00:00,Annual,Value added tax (VAT),Consumption from 20 MWh to 499 MWh - band IB,Euro,Sweden,2018,0.0204,,
ESTAT:NRG_PC_205_C(1.0),22/10/25 23:00:00,Annual,Value added tax (VAT),Consumption from 20 MWh to 499 MWh - band IB,Euro,Sweden,2019,0.0215,,
ESTAT:NRG_PC_205_C(1.0),22/10/25 23:00:00,Annual,Value added tax (VAT),Consumption from 20 MWh to 499 MWh - band IB,Euro,Sweden,2022,0.0367,,
ESTAT:NRG_PC_205_C(1.0),22/10/25 23:00:00,Annual,Value added tax (VAT),Consumption from 20 MWh to 499 MWh - band IB,Euro,Sweden,2023,0.0274,,
ESTAT:NRG_PC_205_C(1.0),22/10/25 23:00:00,Annual,Value added tax (VAT),Consumption from 20 MWh to 499 MWh - band IB,Euro,Sweden,2024,0.0263,,
ESTAT:NRG_PC_205_C(1.0),22/10/25 23:00:00,Annual,Value added tax (VAT),Consumption from 20 MWh to 499 MWh - band IB,Euro,United Kingdom,2017,0.0267,,
ESTAT:NRG_PC_205_C(1.0),22/10/25 23:00:00,Annual,Value added tax (VAT),Consumption from 20 MWh to 499 MWh - band IB,Euro,United Kingdom,2018,0.0293,,
ESTAT:NRG_PC_205_C(1.0),22/10/25 23:00:00,Annual,Value added tax (VAT),Consumption from 20 MWh to 499 MWh - band IB,Euro,United Kingdom,2019,0.0321,,
